onset	duration	trial_type	stim_file
16.718870499999866	1	D-3rd	12.png
50.71873399999913	1	A-3rd	4.png
90.71849539999948	1	D-1st	5.png
130.71798260000014	1	C-3rd	1.png
146.71783440000036	1	A-2nd	10.png
176.71787199999926	1	A-3rd	4.png
206.71790369999962	1	A-2nd	10.png
