onset	duration	trial_type	stim_file
18.71901670000034	1	D-3rd	12.png
48.718910199999755	1	A-3rd	4.png
88.7194486000003	1	C-1st	7.png
110.72105450000026	1	B-2nd	6.png
154.71710209999992	1	B-2nd	6.png
188.71822220000013	1	B-1st	9.png
208.71907680000004	1	C-1st	7.png
