onset	duration	trial_type	stim_file
10.719596699999784	1	A-2nd	10.png
60.718140100000255	1	C-3rd	1.png
72.7177885000001	1	D-1st	5.png
110.71808969999984	1	C-2nd	8.png
144.71865209999987	1	C-2nd	8.png
170.718707	1	B-3rd	11.png
204.71750780000002	1	A-1st	2.png
