onset	duration	trial_type	stim_file
26.71927919999962	1	D-3rd	12.png
32.71833719999995	1	B-3rd	11.png
74.71807929999977	1	D-2nd	3.png
84.7195300000003	1	C-2nd	8.png
128.71902510000018	1	A-2nd	10.png
160.71861290000015	1	A-1st	2.png
188.7201869999999	1	B-3rd	11.png
