onset	duration	trial_type	stim_file
32.71685189999971	1	B-1st	9.png
46.717535699999644	1	B-1st	9.png
70.74307059999956	1	C-1st	7.png
148.71819310000046	1	C-3rd	1.png
162.71916520000013	1	D-1st	5.png
202.71829350000007	1	D-1st	5.png
