onset	duration	trial_type	stim_file
48.71905240000024	1	D-1st	5.png
252.74021360000006	1	D-1st	5.png
420.7191256000001	1	C-2nd	8.png
