onset	duration	trial_type	stim_file
18.75387610000007	1	B-1st	9.png
52.75344150000001	1	A-3rd	4.png
86.7177698999999	1	D-1st	5.png
94.71751770000037	1	C-1st	7.png
156.75384040000017	1	B-1st	9.png
180.7188301000001	1	A-3rd	4.png
214.71838789999993	1	D-1st	5.png
