onset	duration	trial_type	stim_file
32.71762109999963	1	A-2nd	10.png
64.71936629999982	1	A-3rd	4.png
80.71781469999951	1	D-1st	5.png
118.71830320000026	1	B-2nd	6.png
152.7171368999998	1	A-3rd	4.png
188.7190513000005	1	A-2nd	10.png
216.71988880000026	1	B-1st	9.png
