onset	duration	trial_type	stim_file
144.7173689000001	1	B-2nd	6.png
264.71935459999986	1	B-1st	9.png
312.7418858000001	1	D-1st	5.png
