onset	duration	trial_type	stim_file
16.71779719999995	1	C-2nd	8.png
38.718351099999836	1	D-3rd	12.png
84.71870460000036	1	B-2nd	6.png
110.71828549999964	1	A-2nd	10.png
132.7182942999998	1	C-1st	7.png
174.71967630000017	1	B-3rd	11.png
218.71750759999986	1	A-1st	2.png
