onset	duration	trial_type	stim_file
10.718139800001154	1	A-2nd	5.png
50.717457799999465	1	A-3rd	1.png
90.71725900000092	1	D-1st	4.png
106.7169302000002	1	A-1st	3.png
144.78412650000064	1	D-2nd	7.png
166.71841309999945	1	C-2nd	11.png
