onset	duration	trial_type	stim_file
24.717346600000383	1	D-1st	4.png
32.717956599999525	1	A-1st	3.png
88.7177771000006	1	A-3rd	1.png
120.71781649999866	1	B-2nd	8.png
142.71711359999972	1	A-3rd	1.png
182.71657930000038	1	B-2nd	8.png
206.71675570000116	1	C-1st	6.png
