onset	duration	trial_type	stim_file
16.718124999999418	1	B-1st	9.png
60.719152499999836	1	C-2nd	11.png
76.71763069999906	1	A-1st	3.png
106.71605960000124	1	C-1st	6.png
156.71741459999976	1	D-3rd	2.png
170.71760910000012	1	A-2nd	5.png
206.74306650000108	1	A-2nd	5.png
