onset	duration	trial_type	stim_file
36.717875899999854	1	B-1st	9.png
168.71772220000003	1	D-1st	4.png
348.78694169999835	1	B-2nd	8.png
