onset	duration	trial_type	stim_file
84.7173129999992	1	C-2nd	11.png
192.74343260000023	1	C-1st	6.png
324.71844299999975	1	D-1st	4.png
