onset	duration	trial_type	stim_file
36.71781600000031	1	A-2nd	5.png
44.71945830000004	1	B-2nd	8.png
74.71622829999978	1	D-2nd	7.png
116.71679640000002	1	A-1st	3.png
140.71827269999994	1	D-2nd	7.png
176.7178318999995	1	A-3rd	1.png
