onset	duration	trial_type	stim_file
8.86257250000017	1	C-3rd	10.png
54.71732630000042	1	A-1st	3.png
76.71725909999986	1	B-1st	9.png
148.71817829999964	1	A-1st	3.png
152.7198587999992	1	A-2nd	5.png
220.71844369999872	1	A-2nd	5.png
