onset	duration	trial_type	stim_file
6.717615300000034	1	C-1st	6.png
90.79143519999889	1	D-2nd	7.png
112.71782069999972	1	D-1st	4.png
136.718628300001	1	C-3rd	10.png
184.74519130000044	1	D-2nd	7.png
210.71752259999994	1	A-1st	3.png
