onset	duration	trial_type	stim_file
8.718107400000008	1	A-1st	3.png
52.718095399999584	1	B-2nd	8.png
74.71802750000097	1	A-2nd	5.png
92.71774499999992	1	D-2nd	7.png
150.7195769000009	1	B-1st	9.png
184.7174460999995	1	A-3rd	1.png
194.71754130000045	1	D-3rd	2.png
