onset	duration	trial_type	stim_file
22.717457400000058	1	C-1st	6.png
38.71869869999864	1	B-2nd	8.png
64.71872129999974	1	A-3rd	1.png
98.71862509999846	1	A-3rd	1.png
148.71679680000125	1	A-3rd	1.png
166.71809969999958	1	D-1st	4.png
194.7173373000005	1	D-3rd	2.png
