onset	duration	trial_type	stim_file
26.718472999997175	1	B-1st	2.png
48.71969170000011	1	A-3rd	1.png
100.71877849999873	1	A-3rd	1.png
132.7173053999977	1	C-2nd	4.png
154.7190511000008	1	D-3rd	8.png
186.7172500000015	1	A-1st	5.png
214.71937790000084	1	C-3rd	12.png
