onset	duration	trial_type	stim_file
18.7176421999975	1	C-3rd	12.png
40.71723800000109	1	A-3rd	1.png
78.7192658999993	1	A-2nd	10.png
110.71859249999761	1	D-1st	11.png
148.71838099999877	1	D-3rd	8.png
174.7175636999964	1	C-2nd	4.png
212.7196081000002	1	B-2nd	7.png
