onset	duration	trial_type	stim_file
96.71822519999841	1	A-3rd	1.png
204.71712039999693	1	C-2nd	4.png
312.71899230000054	1	C-1st	6.png
