onset	duration	trial_type	stim_file
20.71821009999985	1	C-2nd	4.png
38.718052300002455	1	B-3rd	3.png
94.71875729999738	1	A-1st	5.png
114.71708370000124	1	B-2nd	7.png
142.7179974999999	1	A-1st	5.png
172.71766389999902	1	C-2nd	4.png
198.71821980000095	1	D-2nd	9.png
