onset	duration	trial_type	stim_file
12.718767899998056	1	C-2nd	4.png
46.71813970000221	1	D-3rd	8.png
74.71854480000184	1	D-3rd	8.png
104.71955030000026	1	B-1st	2.png
128.71777849999853	1	A-1st	5.png
174.71937080000134	1	C-1st	6.png
222.71830000000045	1	B-3rd	3.png
