onset	duration	trial_type	stim_file
60.720311400000355	1	D-3rd	8.png
228.71837830000004	1	B-3rd	3.png
396.71730970000135	1	B-2nd	7.png
