onset	duration	trial_type	stim_file
22.71967349999977	1	D-1st	11.png
74.71817409999858	1	B-3rd	3.png
90.71817240000019	1	D-2nd	9.png
122.74086929999976	1	A-3rd	1.png
152.71796289999838	1	C-3rd	12.png
190.71858879999854	1	B-1st	2.png
194.71919159999743	1	B-3rd	3.png
