onset	duration	trial_type	stim_file
32.71653030000016	1	B-1st	2.png
46.71790649999821	1	D-3rd	8.png
80.71961380000357	1	B-3rd	3.png
100.7188098000006	1	D-2nd	9.png
136.71773210000174	1	A-2nd	10.png
194.71898019999935	1	A-2nd	10.png
220.71792060000007	1	A-2nd	10.png
