onset	duration	trial_type	stim_file
4.7180654000003415	1	D-3rd	8.png
34.71932559999914	1	C-1st	6.png
90.71676339999976	1	A-1st	5.png
120.74396500000148	1	A-1st	5.png
146.7185196999999	1	B-1st	2.png
172.7189639999997	1	A-1st	5.png
206.71842000000106	1	B-2nd	7.png
