onset	duration	trial_type	stim_file
22.719912799999292	1	D-3rd	8.png
44.718586799997865	1	D-1st	11.png
70.71820949999892	1	A-3rd	1.png
92.71889879999799	1	B-1st	2.png
146.7181279000033	1	A-2nd	10.png
190.717813700001	1	A-1st	5.png
210.71669610000026	1	D-1st	11.png
