onset	duration	trial_type	stim_file
2.7157320994883776	1	D-2nd	2.png
48.71486819908023	1	D-3rd	4.png
120.71730449981987	1	C-1st	7.png
140.73482220061123	1	D-1st	11.png
178.73245880007744	1	B-3rd	5.png
200.71575570013374	1	B-1st	12.png
