onset	duration	trial_type	stim_file
8.717028800398111	1	A-1st	10.png
60.716710300184786	1	D-3rd	4.png
76.71742489933968	1	A-2nd	8.png
122.71722219977528	1	A-3rd	9.png
132.7168570999056	1	D-1st	11.png
172.7168704001233	1	A-2nd	8.png
188.7178515996784	1	C-1st	7.png
