onset	duration	trial_type	stim_file
24.71672249957919	1	A-3rd	9.png
40.71736090071499	1	C-1st	7.png
110.71629779972136	1	D-2nd	2.png
