onset	duration	trial_type	stim_file
8.714889100752771	1	D-3rd	4.png
64.71657450031489	1	B-3rd	5.png
88.71605820022523	1	D-3rd	4.png
106.71681219991297	1	C-3rd	6.png
134.71645279973745	1	A-3rd	9.png
170.7171299997717	1	D-2nd	2.png
216.7149352999404	1	B-1st	12.png
