onset	duration	trial_type	stim_file
20.715866199694574	1	C-2nd	1.png
48.71636759955436	1	D-1st	11.png
84.71912129968405	1	D-3rd	4.png
98.74369710031897	1	C-2nd	1.png
122.71728419978172	1	C-3rd	6.png
178.71580999996513	1	B-3rd	5.png
208.716136100702	1	B-2nd	3.png
