onset	duration	trial_type	stim_file
22.734949399717152	1	C-1st	7.png
54.715669800527394	1	A-3rd	9.png
106.71719089988619	1	A-1st	10.png
152.71753669995815	1	C-1st	7.png
164.71906290017068	1	A-2nd	8.png
222.71804810035974	1	D-3rd	4.png
