onset	duration	trial_type	stim_file
20.716386400163174	1	C-1st	7.png
58.718405899591744	1	B-2nd	3.png
72.7164964005351	1	C-1st	7.png
110.71811929997057	1	C-1st	7.png
164.71711470000446	1	A-3rd	9.png
186.71728899981827	1	B-1st	12.png
222.71633259952068	1	A-3rd	9.png
