onset	duration	trial_type	stim_file
12.718265700154006	1	A-1st	10.png
42.71550259925425	1	A-3rd	9.png
84.71886060014367	1	B-3rd	5.png
130.7196324998513	1	A-1st	10.png
160.71608719974756	1	B-3rd	5.png
190.7356390003115	1	B-2nd	3.png
208.71667829994112	1	B-2nd	3.png
