onset	duration	trial_type	stim_file
18.719990599900484	1	A-3rd	9.png
56.718471799977124	1	D-2nd	2.png
110.71604270022362	1	D-2nd	2.png
