onset	duration	trial_type	stim_file
14.713461099658161	1	D-1st	5.png
52.71395630016923	1	D-2nd	6.png
80.71208570012823	1	C-3rd	7.png
100.71532850014046	1	C-1st	1.png
154.7131275003776	1	C-1st	1.png
166.71571390004829	1	B-1st	3.png
222.71263640001416	1	D-3rd	4.png
