onset	duration	trial_type	stim_file
62.715070199687034	1	C-1st	1.png
192.71369520016015	1	D-2nd	6.png
384.7439058003947	1	C-1st	1.png
