onset	duration	trial_type	stim_file
12.714415099937469	1	D-2nd	6.png
32.71354530006647	1	C-3rd	7.png
70.71452589984983	1	B-1st	3.png
98.71487409994006	1	A-3rd	8.png
138.71443080017343	1	B-1st	3.png
212.71549779968336	1	D-3rd	4.png
