onset	duration	trial_type	stim_file
84.71277080010623	1	C-3rd	7.png
204.76571379974484	1	B-1st	3.png
300.7166169998236	1	B-3rd	10.png
