onset	duration	trial_type	stim_file
22.71359089994803	1	A-2nd	11.png
36.71250650007278	1	D-3rd	4.png
94.71529449988157	1	B-1st	3.png
100.75971759995446	1	B-3rd	10.png
148.86268630018458	1	B-2nd	2.png
178.7137942002155	1	D-1st	5.png
222.7137800003402	1	B-3rd	10.png
