onset	duration	trial_type	stim_file
30.71185510000214	1	D-3rd	4.png
42.71602059993893	1	A-3rd	8.png
92.75286660017446	1	C-3rd	7.png
98.73482550028712	1	B-3rd	10.png
138.72176670003682	1	C-1st	1.png
176.71546430001035	1	D-2nd	6.png
192.71527900034562	1	C-2nd	9.png
