onset	duration	trial_type	stim_file
32.71271779993549	1	B-2nd	2.png
62.71610890002921	1	B-1st	3.png
90.71207719994709	1	D-2nd	6.png
100.76380730001256	1	C-3rd	7.png
166.71287839999422	1	D-1st	5.png
184.71286990027875	1	B-2nd	2.png
208.72790680034086	1	D-1st	5.png
