onset	duration	trial_type	stim_file
8.712216299958527	1	D-2nd	6.png
38.71335789980367	1	D-3rd	4.png
116.77282459987327	1	C-2nd	9.png
128.71337529970333	1	D-3rd	4.png
192.7324413000606	1	D-2nd	6.png
194.71378320036456	1	D-3rd	4.png
