onset	duration	trial_type	stim_file
6.714652099646628	1	B-3rd	10.png
38.714193399995565	1	B-2nd	2.png
76.71375070000067	1	B-1st	3.png
104.7146966997534	1	D-3rd	4.png
144.71513199992478	1	C-1st	1.png
194.71691359998658	1	D-2nd	6.png
200.71612739982083	1	D-3rd	4.png
