onset	duration	trial_type	stim_file
12.711499999742955	1	A-3rd	8.png
50.74579590000212	1	A-2nd	11.png
96.71403330005705	1	B-3rd	10.png
134.72574899997562	1	A-3rd	8.png
160.71543410001323	1	C-2nd	9.png
194.71196510037407	1	D-2nd	6.png
218.7367735998705	1	B-1st	3.png
