onset	duration	trial_type	stim_file
4.711667799856514	1	A-3rd	10.png
48.71645320020616	1	D-1st	4.png
80.73399710003287	1	B-2nd	2.png
118.71195139968768	1	B-1st	1.png
136.71439619967714	1	C-2nd	12.png
172.71559430006891	1	A-3rd	10.png
222.72991120023653	1	C-3rd	3.png
