onset	duration	trial_type	stim_file
10.71477510035038	1	A-1st	9.png
48.715717299841344	1	D-2nd	11.png
62.713636700063944	1	A-2nd	8.png
114.71523269964382	1	C-2nd	12.png
144.7146809999831	1	D-3rd	7.png
176.71115780016407	1	D-2nd	11.png
220.71352240024135	1	D-2nd	11.png
