onset	duration	trial_type	stim_file
26.714104699902236	1	A-3rd	10.png
62.71246930025518	1	D-2nd	11.png
84.71324790036306	1	B-1st	1.png
130.71396220009774	1	A-3rd	10.png
154.71462410036474	1	A-3rd	10.png
164.7126605999656	1	B-2nd	2.png
198.7179328002967	1	D-2nd	11.png
