onset	duration	trial_type	stim_file
36.71418219991028	1	C-1st	5.png
240.71352040022612	1	C-1st	5.png
348.7121325000189	1	C-1st	5.png
