onset	duration	trial_type	stim_file
10.712941499892622	1	D-1st	4.png
46.71644699992612	1	C-2nd	12.png
86.7146298000589	1	A-1st	9.png
98.71408730000257	1	B-2nd	2.png
146.7128957998939	1	C-3rd	3.png
186.71558580035344	1	B-2nd	2.png
218.71313760010526	1	A-1st	9.png
