onset	duration	trial_type	stim_file
16.714653299655765	1	C-1st	5.png
44.714405599981546	1	B-3rd	6.png
70.71500100009143	1	A-3rd	10.png
124.71278120018542	1	C-2nd	12.png
140.71215509995818	1	A-2nd	8.png
158.71681479969993	1	A-2nd	8.png
218.7280119000934	1	C-1st	5.png
