onset	duration	trial_type	stim_file
36.71372570004314	1	C-1st	5.png
252.712952000089	1	D-3rd	7.png
312.7133147995919	1	D-2nd	11.png
