onset	duration	trial_type	stim_file
20.713018100243062	1	D-1st	4.png
56.714472599793226	1	D-2nd	11.png
80.71188799990341	1	D-1st	4.png
116.71478499984369	1	B-3rd	6.png
144.7125434000045	1	D-2nd	11.png
166.7138654999435	1	C-3rd	3.png
202.7138415002264	1	A-3rd	10.png
