onset	duration	trial_type	stim_file
18.714441899996018	1	B-3rd	4.png
54.71710969999549	1	D-1st	2.png
74.71729030000279	1	D-1st	2.png
106.71587949999957	1	B-3rd	4.png
126.76851359999273	1	D-3rd	8.png
182.71705000000657	1	B-1st	1.png
222.7165387000132	1	C-3rd	10.png
