onset	duration	trial_type	stim_file
26.716460700001335	1	A-1st	7.png
44.717362700001104	1	B-2nd	6.png
56.716376700002	1	D-1st	2.png
110.71634350001113	1	A-2nd	9.png
140.74205780000193	1	B-1st	1.png
164.72145569999702	1	C-3rd	10.png
194.71700390000478	1	A-1st	7.png
