onset	duration	trial_type	stim_file
26.718566700001247	1	D-3rd	8.png
34.71445710002445	1	C-3rd	10.png
64.71722890000092	1	C-1st	12.png
116.71850659998017	1	A-3rd	11.png
158.74617329999455	1	B-2nd	6.png
168.71889260000899	1	D-2nd	5.png
194.7183931999898	1	B-1st	1.png
