onset	duration	trial_type	stim_file
24.715131699980702	1	A-3rd	11.png
240.75010950001888	1	A-3rd	11.png
312.914157399995	1	D-2nd	5.png
