onset	duration	trial_type	stim_file
14.714422299992293	1	B-3rd	4.png
66.71725700001116	1	D-3rd	8.png
98.71480280000833	1	C-1st	12.png
136.71542009999393	1	D-2nd	5.png
146.71454109999468	1	C-3rd	10.png
180.71760010000435	1	B-2nd	6.png
198.71361949999118	1	A-1st	7.png
