onset	duration	trial_type	stim_file
10.71716099997866	1	B-3rd	4.png
58.71743419999257	1	B-3rd	4.png
94.71743009999045	1	B-3rd	4.png
126.7155066000123	1	D-1st	2.png
154.7175186999957	1	A-3rd	11.png
178.7164017999894	1	B-1st	1.png
200.71568600001046	1	B-1st	1.png
