onset	duration	trial_type	stim_file
24.715679699991597	1	A-3rd	11.png
192.74333199998364	1	D-1st	2.png
312.7177487000008	1	D-2nd	5.png
