onset	duration	trial_type	stim_file
22.717766199988546	1	D-3rd	8.png
62.71624330000486	1	B-2nd	6.png
92.71465660000104	1	C-2nd	3.png
116.71647539999685	1	C-2nd	3.png
144.71757540002	1	B-2nd	6.png
166.71791959999246	1	B-1st	1.png
198.7147552999959	1	B-2nd	6.png
