onset	duration	trial_type	stim_file
2.716421699995408	1	D-2nd	5.png
44.71813689998817	1	B-3rd	4.png
84.71556730000884	1	A-3rd	11.png
100.71651670002029	1	D-2nd	5.png
142.71544749999885	1	B-3rd	4.png
158.71779910000623	1	D-3rd	8.png
188.71544109997922	1	D-3rd	8.png
