onset	duration	trial_type	stim_file
16.71557109997957	1	D-1st	2.png
60.71730609997758	1	C-3rd	10.png
86.71319079998648	1	D-3rd	8.png
102.71539870000561	1	A-1st	7.png
152.7175746000139	1	A-1st	7.png
162.71315329999197	1	D-2nd	5.png
202.71447390000685	1	B-2nd	6.png
