onset	duration	trial_type	stim_file
16.71512149972841	1	A-3rd	8.png
36.71568370005116	1	D-1st	3.png
94.71440259972587	1	B-2nd	12.png
118.71665200032294	1	C-3rd	9.png
136.71415149979293	1	A-3rd	8.png
174.7117159999907	1	D-3rd	7.png
192.7134708999656	1	D-3rd	7.png
