onset	duration	trial_type	stim_file
24.735071999952197	1	B-3rd	4.png
76.71516890032217	1	C-2nd	1.png
126.71319380030036	1	B-1st	10.png
140.74732970027253	1	C-3rd	9.png
