onset	duration	trial_type	stim_file
28.71559640020132	1	B-2nd	12.png
50.71475310018286	1	A-1st	6.png
60.71349469991401	1	B-1st	10.png
160.71674160007387	1	D-1st	3.png
178.71502840006724	1	C-1st	2.png
