onset	duration	trial_type	stim_file
6.714809000026435	1	B-2nd	12.png
56.71369719970971	1	C-2nd	1.png
74.71482890006155	1	A-2nd	5.png
120.71618789993227	1	D-2nd	11.png
146.7128837998025	1	C-3rd	9.png
