onset	duration	trial_type	stim_file
36.7163551999256	1	C-1st	2.png
216.7150555998087	1	D-2nd	11.png
