onset	duration	trial_type	stim_file
14.714015500154346	1	C-2nd	1.png
38.77651980007067	1	D-3rd	7.png
80.73892729962245	1	B-3rd	4.png
100.71479670004919	1	A-2nd	5.png
154.71696719992906	1	D-2nd	11.png
196.71385170007125	1	B-1st	10.png
