onset	duration	trial_type	stim_file
22.71330749988556	1	D-3rd	7.png
42.714101400226355	1	D-3rd	7.png
84.71372079988942	1	C-3rd	9.png
98.71682479977608	1	A-1st	6.png
172.71539140027016	1	D-3rd	7.png
