onset	duration	trial_type	stim_file
8.712866599671543	1	D-1st	3.png
32.7124203001149	1	A-1st	6.png
74.71278160018846	1	D-3rd	7.png
94.71273679984733	1	B-1st	10.png
126.71676530037075	1	C-2nd	1.png
182.71590259997174	1	D-2nd	11.png
194.7178722000681	1	B-2nd	12.png
