onset	duration	trial_type	stim_file
146.7979798000306	1	A-3rd	8.png
386.79716009972617	1	D-3rd	7.png
