onset	duration	trial_type	stim_file
12.812925800215453	1	C-3rd	9.png
264.71367239998654	1	C-3rd	9.png
300.73215949954465	1	B-3rd	4.png
