onset	duration	trial_type	stim_file
28.714886400382966	1	B-3rd	4.png
44.714036299847066	1	C-3rd	9.png
70.71531650004908	1	A-1st	6.png
106.71558299986646	1	C-1st	2.png
152.71416589990258	1	A-3rd	8.png
166.71810430008918	1	C-3rd	9.png
212.71610570000485	1	D-1st	3.png
