onset	duration	trial_type	stim_file
14.718484500001068	1	A-3rd	4.png
32.71593159999975	1	A-3rd	4.png
76.71661090000089	1	B-1st	8.png
102.71686960000079	1	C-2nd	10.png
136.71612529999948	1	B-2nd	6.png
178.73583080000026	1	B-1st	8.png
204.71815360000073	1	C-2nd	10.png
