onset	duration	trial_type	stim_file
20.717124400000102	1	A-1st	12.png
46.73770709999917	1	A-3rd	4.png
62.71729129999949	1	D-2nd	2.png
108.7165729999997	1	A-2nd	7.png
140.7173930000008	1	B-2nd	6.png
174.71924899999976	1	C-2nd	10.png
220.71603139999934	1	C-2nd	10.png
