onset	duration	trial_type	stim_file
28.718007999999827	1	B-2nd	6.png
38.73202889999993	1	A-1st	12.png
90.71645569999964	1	B-2nd	6.png
116.71779900000001	1	C-2nd	10.png
140.7157962000001	1	A-3rd	4.png
172.71656620000067	1	B-2nd	6.png
220.7377051000003	1	C-2nd	10.png
