onset	duration	trial_type	stim_file
120.71509669999978	1	D-3rd	1.png
228.71733109999877	1	D-2nd	2.png
420.71631200000047	1	B-2nd	6.png
