onset	duration	trial_type	stim_file
20.71638299999904	1	C-1st	3.png
48.717298200001096	1	D-3rd	1.png
94.71581420000075	1	D-1st	9.png
110.71516460000021	1	B-1st	8.png
132.7174988000006	1	D-2nd	2.png
178.7176077999993	1	B-2nd	6.png
210.71556369999962	1	D-2nd	2.png
