onset	duration	trial_type	stim_file
48.71897799999897	1	B-1st	8.png
276.7166640000014	1	B-1st	8.png
324.7210518000011	1	D-3rd	1.png
