onset	duration	trial_type	stim_file
16.71567750000031	1	C-1st	3.png
66.71965249999994	1	A-1st	12.png
76.7176273999994	1	D-2nd	2.png
130.7197578000014	1	D-2nd	2.png
140.71593340000072	1	A-1st	12.png
182.7167307999989	1	C-1st	3.png
218.71611630000007	1	C-2nd	10.png
