onset	duration	trial_type	stim_file
12.715174300001308	1	C-2nd	10.png
52.716142299999774	1	A-2nd	7.png
72.71689619999961	1	D-2nd	2.png
132.71621869999944	1	A-1st	12.png
154.71610490000057	1	A-1st	12.png
176.71622559999923	1	D-3rd	1.png
216.71701460000077	1	A-3rd	4.png
