onset	duration	trial_type	stim_file
50.71596679999857	1	C-3rd	11.png
74.7184574999992	1	D-3rd	1.png
96.71731550000004	1	A-2nd	7.png
146.71614990000126	1	B-3rd	5.png
188.71751779999977	1	A-1st	12.png
216.71660619999966	1	D-1st	9.png
