onset	duration	trial_type	stim_file
16.717906500000026	1	C-1st	3.png
38.71610619999956	1	D-1st	9.png
70.7158726000016	1	B-3rd	5.png
116.71774910000022	1	B-3rd	5.png
150.71595109999907	1	B-2nd	6.png
182.7169801	1	A-2nd	7.png
202.71584710000025	1	D-2nd	2.png
