onset	duration	trial_type	stim_file
20.718643999998676	1	D-1st	2.png
50.717864199999894	1	D-1st	2.png
72.71758940000109	1	C-1st	11.png
118.71911309999996	1	B-2nd	7.png
142.71779869999955	1	B-1st	5.png
170.7179804999996	1	A-1st	10.png
214.7196361999995	1	A-2nd	3.png
