onset	duration	trial_type	stim_file
60.75724590000027	1	D-2nd	4.png
156.7195214000003	1	D-1st	2.png
312.7436240999996	1	B-3rd	9.png
