onset	duration	trial_type	stim_file
16.717929500000537	1	C-3rd	8.png
62.71779239999887	1	B-1st	5.png
84.71793979999893	1	B-1st	5.png
112.71806339999966	1	C-2nd	1.png
154.74332219999997	1	A-1st	10.png
178.71745200000078	1	B-3rd	9.png
216.71799490000012	1	B-2nd	7.png
