onset	duration	trial_type	stim_file
6.7181562000005215	1	A-3rd	12.png
52.718328400000246	1	A-1st	10.png
92.71900519999872	1	C-1st	11.png
102.71779029999925	1	C-3rd	8.png
130.71784710000065	1	D-3rd	6.png
160.71811929999967	1	C-3rd	8.png
192.71785549999913	1	B-1st	5.png
