onset	duration	trial_type	stim_file
28.718827100000453	1	A-2nd	3.png
44.718835800000306	1	C-3rd	8.png
70.71836410000014	1	D-2nd	4.png
114.71789440000066	1	C-3rd	8.png
126.71878370000013	1	A-2nd	3.png
160.71945850000066	1	A-3rd	12.png
194.71801870000036	1	B-1st	5.png
