onset	duration	trial_type	stim_file
120.7191358	1	C-1st	11.png
180.71794149999914	1	D-2nd	4.png
312.717676799999	1	B-3rd	9.png
