onset	duration	trial_type	stim_file
6.719408299999486	1	A-1st	10.png
56.71744580000086	1	C-3rd	8.png
60.71856299999854	1	B-1st	5.png
120.71780020000006	1	C-3rd	8.png
136.717500499999	1	D-3rd	6.png
170.7173082999998	1	C-3rd	8.png
222.71871680000004	1	D-3rd	6.png
