onset	duration	trial_type	stim_file
2.7188905000002705	1	D-2nd	4.png
36.718299000000115	1	A-3rd	12.png
84.7179374999996	1	D-1st	2.png
106.71922200000154	1	A-2nd	3.png
144.71722899999986	1	C-2nd	1.png
172.71837369999957	1	C-3rd	8.png
210.71695659999932	1	B-2nd	7.png
