onset	duration	trial_type	stim_file
12.718185700001413	1	A-1st	10.png
56.71874480000042	1	D-2nd	4.png
80.71759679999923	1	A-1st	10.png
124.71789720000015	1	A-2nd	3.png
148.7199514999993	1	C-2nd	1.png
192.71840379999958	1	C-2nd	1.png
222.71905229999902	1	A-3rd	12.png
