onset	duration	trial_type	stim_file
26.718967099999645	1	A-3rd	12.png
38.71909400000004	1	A-2nd	3.png
76.71813170000041	1	B-2nd	7.png
106.71760240000003	1	A-1st	10.png
140.71616730000005	1	B-3rd	9.png
176.71768379999958	1	B-1st	5.png
216.71874000000025	1	B-3rd	9.png
