onset	duration	trial_type	stim_file
4.718632999999954	1	C-3rd	3.png
40.7175785000004	1	D-3rd	7.png
80.71772359999977	1	B-1st	10.png
104.7194426000001	1	C-1st	11.png
126.71871150000015	1	D-1st	6.png
170.71853620000002	1	B-3rd	12.png
220.71811929999967	1	B-2nd	5.png
