onset	duration	trial_type	stim_file
24.71922580000046	1	B-1st	10.png
192.71772239999973	1	A-2nd	2.png
420.71738879999975	1	B-2nd	5.png
