onset	duration	trial_type	stim_file
8.719220399999358	1	D-3rd	7.png
62.71794199999931	1	B-1st	10.png
78.71719819999998	1	B-2nd	5.png
116.71856539999953	1	C-2nd	1.png
162.71734480000032	1	A-1st	4.png
174.7177154000001	1	D-1st	6.png
208.71681290000015	1	C-3rd	3.png
