onset	duration	trial_type	stim_file
26.7184141000007	1	B-3rd	12.png
42.717742499999986	1	C-2nd	1.png
84.7194055	1	A-2nd	2.png
106.7431059999999	1	D-3rd	7.png
146.71988800000054	1	C-1st	11.png
172.7188329999999	1	D-1st	6.png
196.71903529999963	1	D-3rd	7.png
