onset	duration	trial_type	stim_file
28.719559299999673	1	B-1st	10.png
56.71773690000009	1	B-3rd	12.png
110.71722910000062	1	C-3rd	3.png
144.7188487000003	1	A-3rd	8.png
166.71917790000043	1	B-1st	10.png
222.71958059999997	1	A-3rd	8.png
