onset	duration	trial_type	stim_file
18.718124799999714	1	A-2nd	2.png
60.719256100000166	1	C-3rd	3.png
66.719243	1	D-1st	6.png
112.78903450000007	1	C-2nd	1.png
152.71895399999994	1	C-3rd	3.png
214.71816639999997	1	B-1st	10.png
