onset	duration	trial_type	stim_file
12.719037099999696	1	A-3rd	8.png
192.7173571999997	1	A-2nd	2.png
300.71688189999986	1	C-3rd	3.png
