onset	duration	trial_type	stim_file
2.717052599999988	1	A-2nd	2.png
60.71787940000013	1	D-2nd	9.png
90.71782669999993	1	C-1st	11.png
108.71963069999993	1	A-1st	4.png
140.71895589999986	1	B-2nd	5.png
164.71758249999993	1	B-2nd	5.png
214.71666390000019	1	A-2nd	2.png
