onset	duration	trial_type	stim_file
28.796472699999867	1	A-3rd	8.png
40.717599300000074	1	C-3rd	3.png
84.7184987999999	1	C-1st	11.png
122.71809620000022	1	B-2nd	5.png
140.71568089999982	1	C-2nd	1.png
192.7190529999998	1	B-1st	10.png
212.71944619999977	1	A-2nd	2.png
