onset	duration	trial_type	stim_file
10.718052900000657	1	C-1st	1.png
42.71623920000002	1	C-3rd	2.png
86.71655740000006	1	D-2nd	11.png
116.7162214	1	D-1st	10.png
126.71620030000031	1	C-1st	1.png
170.71631890000026	1	C-2nd	4.png
210.71636920000037	1	D-1st	10.png
