onset	duration	trial_type	stim_file
4.717199800000344	1	C-3rd	2.png
60.71784640000078	1	A-3rd	6.png
78.7170260999992	1	A-2nd	3.png
102.71569230000023	1	D-1st	10.png
164.71715459999996	1	B-2nd	12.png
210.7168668000004	1	A-2nd	3.png
