onset	duration	trial_type	stim_file
32.71679799999947	1	D-2nd	11.png
46.717578499999945	1	C-3rd	2.png
80.71708380000018	1	C-2nd	4.png
110.71694180000031	1	B-3rd	5.png
154.71549940000023	1	D-3rd	8.png
170.71589650000078	1	B-2nd	12.png
198.71641309999995	1	C-3rd	2.png
