onset	duration	trial_type	stim_file
8.716653500000575	1	A-3rd	6.png
62.7169645999993	1	D-3rd	8.png
98.71596789999967	1	B-3rd	5.png
114.71644629999992	1	B-1st	7.png
148.71683209999992	1	D-3rd	8.png
166.71629090000079	1	D-1st	10.png
206.71599719999995	1	A-2nd	3.png
