onset	duration	trial_type	stim_file
22.716053799999827	1	B-2nd	12.png
46.71699350000017	1	B-3rd	5.png
84.71654209999997	1	C-2nd	4.png
122.71825420000005	1	B-2nd	12.png
136.71761479999986	1	A-2nd	3.png
172.7422801999992	1	A-1st	9.png
200.7171782000005	1	C-1st	1.png
