onset	duration	trial_type	stim_file
2.717356199999813	1	C-2nd	4.png
52.71805450000011	1	D-3rd	8.png
72.71725600000082	1	C-3rd	2.png
118.71486199999981	1	C-2nd	4.png
140.71694299999945	1	B-1st	7.png
186.71734110000034	1	B-2nd	12.png
214.7439642999998	1	A-3rd	6.png
