onset	duration	trial_type	stim_file
24.71654750000016	1	D-3rd	8.png
34.71805239999958	1	A-3rd	6.png
90.71705459999976	1	D-1st	10.png
92.71810470000037	1	D-2nd	11.png
130.71877930000028	1	A-1st	9.png
190.7176244000002	1	A-1st	9.png
214.73863009999968	1	D-3rd	8.png
