onset	duration	trial_type	stim_file
48.719196799999736	1	C-3rd	2.png
156.7443370000001	1	A-1st	9.png
312.7174988000006	1	A-2nd	3.png
