onset	duration	trial_type	stim_file
28.717135700000654	1	B-3rd	5.png
68.74212350000016	1	A-2nd	3.png
82.71697359999962	1	C-3rd	2.png
106.71689600000082	1	C-3rd	2.png
146.71745379999993	1	A-1st	9.png
192.71488129999943	1	D-3rd	8.png
