onset	duration	trial_type	stim_file
24.717401699999755	1	A-3rd	6.png
228.71670399999948	1	D-3rd	8.png
372.7188667999999	1	D-1st	10.png
