onset	duration	trial_type	stim_file
28.715400400105864	1	D-2nd	5.png
38.71265699993819	1	A-2nd	4.png
90.71700369985774	1	B-3rd	1.png
102.71528989961371	1	D-3rd	3.png
152.71731660002843	1	D-3rd	3.png
174.71844399999827	1	C-3rd	8.png
218.7138299997896	1	B-1st	9.png
