onset	duration	trial_type	stim_file
4.713719599880278	1	B-3rd	1.png
40.71646809997037	1	B-3rd	1.png
72.71779370028526	1	A-1st	11.png
100.72031420003623	1	C-2nd	12.png
126.71187049988657	1	D-3rd	3.png
158.71380109991878	1	D-3rd	3.png
192.71697409963235	1	B-2nd	6.png
