onset	duration	trial_type	stim_file
24.71451359987259	1	D-1st	7.png
44.71483099972829	1	B-3rd	1.png
80.71522849984467	1	D-1st	7.png
94.71494970005006	1	B-2nd	6.png
150.71407809993252	1	A-1st	11.png
168.71969560021535	1	B-2nd	6.png
214.7161336997524	1	B-1st	9.png
