onset	duration	trial_type	stim_file
10.71817069966346	1	A-1st	11.png
40.718059999868274	1	D-3rd	3.png
72.71463219961151	1	D-1st	7.png
86.71519539970905	1	A-2nd	4.png
138.71291060000658	1	D-3rd	3.png
180.73236079979688	1	D-2nd	5.png
192.71484369970858	1	A-3rd	10.png
