onset	duration	trial_type	stim_file
144.71296400018036	1	D-1st	7.png
264.71817190013826	1	B-2nd	6.png
360.7183124003932	1	A-3rd	10.png
