onset	duration	trial_type	stim_file
132.7160156001337	1	B-2nd	6.png
216.71688660001382	1	D-3rd	3.png
384.7148664002307	1	C-2nd	12.png
