onset	duration	trial_type	stim_file
2.71240790002048	1	A-2nd	4.png
70.71477680001408	1	A-3rd	10.png
86.71315019996837	1	A-2nd	4.png
104.71611979976296	1	D-3rd	3.png
160.71621479978785	1	A-1st	11.png
166.71472579985857	1	A-3rd	10.png
196.7147359000519	1	D-2nd	5.png
