onset	duration	trial_type	stim_file
6.713534499984235	1	C-1st	2.png
36.71453760005534	1	B-3rd	1.png
72.71568279992789	1	D-3rd	3.png
126.71472759963945	1	D-2nd	5.png
132.71819790033624	1	A-1st	11.png
178.7148603000678	1	C-3rd	8.png
210.71783229988068	1	D-1st	7.png
