onset	duration	trial_type	stim_file
2.717016899958253	1	D-2nd	5.png
32.71373220020905	1	C-3rd	8.png
80.71733290003613	1	C-3rd	8.png
102.71631370019168	1	A-1st	11.png
136.71515149995685	1	B-1st	9.png
188.71265200013295	1	D-2nd	5.png
194.71452400041744	1	B-1st	9.png
