onset	duration	trial_type	stim_file
26.71812959993258	1	C-1st	2.png
60.711420400068164	1	C-3rd	8.png
100.7165361000225	1	D-1st	7.png
106.71546269999817	1	D-3rd	3.png
158.71598759992048	1	A-1st	11.png
162.71586709981784	1	A-3rd	10.png
214.7130594998598	1	D-1st	7.png
