onset	duration	trial_type	stim_file
2.7160625997930765	1	C-2nd	8.png
36.7158784000203	1	A-2nd	10.png
70.71724910009652	1	A-1st	9.png
106.71943080052733	1	B-2nd	5.png
140.71688520070165	1	C-2nd	8.png
196.71672399993986	1	D-2nd	1.png
204.71610639989376	1	C-3rd	2.png
