onset	duration	trial_type	stim_file
28.71606840007007	1	A-2nd	10.png
36.825176200829446	1	C-2nd	8.png
80.71724309958518	1	A-3rd	11.png
84.7158057000488	1	B-2nd	5.png
152.71541970036924	1	C-1st	7.png
158.71642229985446	1	C-3rd	2.png
190.7171277999878	1	B-3rd	4.png
