onset	duration	trial_type	stim_file
16.715550700202584	1	D-1st	6.png
66.71745260059834	1	B-3rd	4.png
98.71578359976411	1	A-2nd	10.png
