onset	duration	trial_type	stim_file
20.71576310042292	1	D-3rd	3.png
40.71800950076431	1	A-1st	9.png
64.71821550000459	1	B-1st	12.png
136.7173931999132	1	A-3rd	11.png
144.71650459989905	1	B-1st	12.png
192.71568940021098	1	C-1st	7.png
200.71654050052166	1	B-1st	12.png
