onset	duration	trial_type	stim_file
60.71901610027999	1	B-1st	12.png
78.71833239961416	1	C-3rd	2.png
