onset	duration	trial_type	stim_file
8.71656099986285	1	C-1st	7.png
48.71556069981307	1	A-1st	9.png
88.71587180066854	1	C-3rd	2.png
126.73435460031033	1	D-3rd	3.png
152.7174065001309	1	D-1st	6.png
172.71658340003341	1	A-2nd	10.png
220.77474060002714	1	B-2nd	5.png
