onset	duration	trial_type	stim_file
2.7164126997813582	1	C-2nd	8.png
46.767235700041056	1	D-1st	6.png
66.71730859950185	1	C-2nd	8.png
130.7205668995157	1	D-1st	6.png
152.71566350013018	1	C-2nd	8.png
178.74328160006553	1	A-2nd	10.png
206.71732220053673	1	D-2nd	1.png
