onset	duration	trial_type	stim_file
8.716888799332082	1	B-3rd	4.png
44.71576250065118	1	C-1st	7.png
102.71717429999262	1	C-1st	7.png
118.71862270031124	1	C-2nd	8.png
154.71568049956113	1	A-1st	9.png
172.71539220027626	1	D-2nd	1.png
196.71626259945333	1	B-1st	12.png
