onset	duration	trial_type	stim_file
14.71594259981066	1	A-1st	9.png
30.739438800141215	1	B-3rd	4.png
86.76408080011606	1	C-1st	7.png
102.72042889986187	1	B-3rd	4.png
146.74314389936626	1	C-3rd	2.png
172.71560740005225	1	A-1st	9.png
220.71590670011938	1	C-2nd	8.png
