onset	duration	trial_type	stim_file
28.71497910004109	1	B-3rd	4.png
62.76437560003251	1	B-3rd	4.png
78.71625040005893	1	B-1st	12.png
120.73578390013427	1	D-1st	6.png
158.74994820076972	1	C-3rd	2.png
182.71679429989308	1	D-2nd	1.png
206.78696489986032	1	A-3rd	11.png
