onset	duration	trial_type	stim_file
72.71352529991418	1	B-1st	11.png
240.7153556002304	1	A-2nd	3.png
384.7180212000385	1	D-1st	12.png
