onset	duration	trial_type	stim_file
24.73299239994958	1	D-1st	12.png
58.71558710001409	1	C-2nd	8.png
80.71473569981754	1	C-1st	9.png
114.7132715000771	1	C-2nd	8.png
156.715007300023	1	B-3rd	7.png
186.71543750027195	1	C-3rd	1.png
218.71383259957656	1	D-2nd	10.png
