onset	duration	trial_type	stim_file
16.716187100391835	1	B-2nd	2.png
64.71328690042719	1	C-2nd	8.png
72.71331599960104	1	A-3rd	4.png
124.71567320032045	1	D-1st	12.png
150.71436250023544	1	B-3rd	7.png
166.71577950008214	1	B-3rd	7.png
216.71500820014626	1	B-1st	11.png
