onset	duration	trial_type	stim_file
96.71475610043854	1	C-2nd	8.png
288.71408790024	1	C-3rd	1.png
420.71327339997515	1	B-2nd	2.png
