onset	duration	trial_type	stim_file
4.714478500187397	1	D-3rd	5.png
26.716119900345802	1	C-3rd	1.png
80.71583800017834	1	B-1st	11.png
106.73464989988133	1	D-3rd	5.png
160.71481849998236	1	B-2nd	2.png
188.71429659985006	1	D-3rd	5.png
218.7134102000855	1	D-1st	12.png
