onset	duration	trial_type	stim_file
36.71452319994569	1	D-2nd	10.png
64.7133425003849	1	B-1st	11.png
98.71201740019023	1	D-3rd	5.png
122.71572870016098	1	A-2nd	3.png
146.71429689973593	1	C-3rd	1.png
174.71487229969352	1	D-1st	12.png
210.71418150002137	1	C-1st	9.png
