onset	duration	trial_type	stim_file
10.733946800231934	1	B-3rd	7.png
52.71681369980797	1	B-1st	11.png
78.71420159982517	1	C-2nd	8.png
134.717147000134	1	D-3rd	5.png
146.7147714998573	1	C-3rd	1.png
188.71395090036094	1	C-3rd	1.png
220.74831860000268	1	D-2nd	10.png
