onset	duration	trial_type	stim_file
18.735529699828476	1	D-1st	12.png
52.711975399870425	1	D-1st	12.png
90.71552689978853	1	D-3rd	5.png
98.75783129967749	1	A-2nd	3.png
134.71461619995534	1	B-2nd	2.png
166.71547030005604	1	D-3rd	5.png
194.7133626001887	1	C-3rd	1.png
