onset	duration	trial_type	stim_file
6.7155953999608755	1	D-1st	12.png
38.716243899893016	1	D-2nd	10.png
82.73524220008403	1	C-2nd	8.png
108.7156819999218	1	D-3rd	5.png
150.71274980017915	1	B-2nd	2.png
182.7142710997723	1	C-1st	9.png
198.71332760015503	1	A-2nd	3.png
