onset	duration	trial_type	stim_file
8.716907599940896	1	C-2nd	8.png
34.7134206998162	1	A-1st	6.png
86.71515149995685	1	C-1st	9.png
132.7136252997443	1	A-3rd	4.png
136.7163227996789	1	B-2nd	2.png
160.71467880019918	1	C-2nd	8.png
204.73371700011194	1	C-2nd	8.png
