onset	duration	trial_type	stim_file
10.715843299869448	1	B-1st	11.png
36.71435389993712	1	D-1st	4.png
66.81565560027957	1	C-1st	9.png
120.7286800998263	1	A-2nd	5.png
174.71436630003154	1	C-1st	9.png
216.71251770015806	1	B-1st	11.png
