onset	duration	trial_type	stim_file
36.71639190008864	1	B-2nd	3.png
168.7151496000588	1	A-2nd	5.png
420.7136485003866	1	C-3rd	7.png
