onset	duration	trial_type	stim_file
22.712806900031865	1	A-2nd	5.png
36.71506279986352	1	C-3rd	7.png
82.7159379995428	1	D-1st	4.png
116.88286289991811	1	A-3rd	1.png
150.7170935999602	1	D-2nd	6.png
190.71348469983786	1	D-2nd	6.png
214.7150577995926	1	C-2nd	10.png
