onset	duration	trial_type	stim_file
4.714146799873561	1	C-2nd	10.png
54.715566200204194	1	D-1st	4.png
96.7164811999537	1	A-1st	2.png
98.7138201999478	1	A-2nd	5.png
140.7151703997515	1	B-3rd	12.png
160.7151933000423	1	A-2nd	5.png
208.71297479979694	1	D-2nd	6.png
