onset	duration	trial_type	stim_file
8.716053899843246	1	B-3rd	12.png
56.715162499807775	1	A-2nd	5.png
78.71192800020799	1	B-2nd	3.png
130.71507890010253	1	D-1st	4.png
152.71555709978566	1	A-2nd	5.png
194.71653249999508	1	B-3rd	12.png
210.7162008001469	1	D-1st	4.png
