onset	duration	trial_type	stim_file
12.80976969981566	1	C-1st	9.png
168.7173990998417	1	A-2nd	5.png
396.7827560999431	1	D-2nd	6.png
