onset	duration	trial_type	stim_file
6.7163041001185775	1	D-3rd	8.png
42.71729990001768	1	B-1st	11.png
88.71721730008721	1	C-3rd	7.png
94.71661540027708	1	A-2nd	5.png
134.71499030012637	1	B-1st	11.png
190.717535499949	1	D-1st	4.png
212.7150500002317	1	A-2nd	5.png
