onset	duration	trial_type	stim_file
24.713517700321972	1	B-2nd	3.png
42.71560070011765	1	C-1st	9.png
68.71421279991046	1	A-1st	2.png
132.71251509990543	1	D-1st	4.png
162.75971330003813	1	C-3rd	7.png
196.71796019980684	1	A-2nd	5.png
220.71466149995103	1	B-2nd	3.png
