onset	duration	trial_type	stim_file
18.71436670003459	1	C-3rd	7.png
44.71786929992959	1	B-1st	11.png
92.7151281000115	1	A-1st	2.png
100.7145274002105	1	D-1st	4.png
124.71514520002529	1	D-1st	4.png
182.71347869979218	1	A-1st	2.png
194.71817809995264	1	D-2nd	6.png
