onset	duration	trial_type	stim_file
24.713831400033087	1	D-1st	12.png
240.71382630011067	1	A-1st	6.png
