onset	duration	trial_type	stim_file
16.714024099987	1	C-1st	1.png
46.71417749999091	1	B-2nd	2.png
82.71372850006446	1	C-2nd	5.png
114.7344491998665	1	C-1st	1.png
144.71402970002964	1	D-1st	12.png
184.71217000018805	1	B-2nd	2.png
202.7138290000148	1	D-2nd	9.png
