onset	duration	trial_type	stim_file
6.714443699922413	1	D-1st	12.png
32.71154290018603	1	C-3rd	3.png
84.71477219974622	1	B-3rd	4.png
106.7325089997612	1	D-1st	12.png
164.71252489974722	1	B-1st	10.png
172.7122675999999	1	D-1st	12.png
194.7141070999205	1	B-3rd	4.png
