onset	duration	trial_type	stim_file
32.713238899596035	1	A-2nd	7.png
44.71405639965087	1	B-3rd	4.png
90.71331519959494	1	B-3rd	4.png
98.71186739997938	1	D-2nd	9.png
140.71224439982325	1	B-3rd	4.png
182.71353749977425	1	A-2nd	7.png
220.71357959974557	1	A-2nd	7.png
