onset	duration	trial_type	stim_file
6.713731300085783	1	A-3rd	8.png
36.7124040001072	1	A-2nd	7.png
58.71328130038455	1	B-1st	10.png
122.71391769964248	1	D-2nd	9.png
128.71432310016826	1	C-2nd	5.png
170.7142738001421	1	A-2nd	7.png
222.7147639002651	1	A-3rd	8.png
