onset	duration	trial_type	stim_file
30.71300659980625	1	B-2nd	2.png
52.71353509975597	1	D-2nd	9.png
84.71219690004364	1	A-2nd	7.png
116.71427810005844	1	B-1st	10.png
140.7133160000667	1	D-1st	12.png
196.7120362003334	1	B-2nd	2.png
214.71481869975105	1	A-2nd	7.png
