onset	duration	trial_type	stim_file
36.71226410008967	1	C-2nd	5.png
38.71426340006292	1	C-3rd	3.png
98.71164299966767	1	B-1st	10.png
122.71395649993792	1	D-3rd	11.png
162.7121728998609	1	B-1st	10.png
180.71331440005451	1	C-2nd	5.png
216.7139928000979	1	D-2nd	9.png
