onset	duration	trial_type	stim_file
48.71384200034663	1	B-3rd	4.png
288.73061850015074	1	B-2nd	2.png
420.7324811001308	1	C-1st	1.png
