onset	duration	trial_type	stim_file
24.714068199973553	1	B-3rd	4.png
44.71235470008105	1	B-2nd	2.png
66.71409519994631	1	D-2nd	9.png
118.7120978999883	1	B-3rd	4.png
188.71259779995307	1	D-3rd	11.png
222.71318349987268	1	A-3rd	8.png
