onset	duration	trial_type	stim_file
10.714967200066894	1	C-2nd	5.png
48.71367990039289	1	A-1st	6.png
110.71326050022617	1	B-2nd	2.png
142.73200650000945	1	B-1st	10.png
180.71434460021555	1	A-3rd	8.png
218.7140715001151	1	D-1st	12.png
