onset	duration	trial_type	stim_file
10.713062500115484	1	D-1st	6.png
42.71321770036593	1	C-1st	2.png
64.71308340039104	1	B-1st	7.png
98.71350890025496	1	A-1st	12.png
156.75313650025055	1	A-1st	12.png
158.7131122997962	1	A-2nd	8.png
196.71751779969782	1	B-3rd	11.png
