onset	duration	trial_type	stim_file
8.711545000318438	1	C-1st	2.png
46.714654500130564	1	D-3rd	3.png
88.71390650002286	1	A-3rd	10.png
116.71424500038847	1	C-2nd	5.png
160.71422170009464	1	C-1st	2.png
186.7126444997266	1	A-2nd	8.png
222.7138632000424	1	C-3rd	9.png
