onset	duration	trial_type	stim_file
10.714723600074649	1	A-3rd	10.png
36.71229759976268	1	B-1st	7.png
60.71371420007199	1	C-2nd	5.png
124.71358620002866	1	B-2nd	1.png
144.71434900024906	1	C-3rd	9.png
180.7131098001264	1	C-1st	2.png
222.71311700018123	1	A-3rd	10.png
