onset	duration	trial_type	stim_file
2.713269399944693	1	D-2nd	4.png
38.71469430020079	1	B-2nd	1.png
86.71237900014967	1	D-2nd	4.png
120.7148011000827	1	B-2nd	1.png
156.71334329992533	1	B-2nd	1.png
188.71370120020583	1	A-1st	12.png
220.71309340000153	1	B-2nd	1.png
