onset	duration	trial_type	stim_file
12.714850299991667	1	C-2nd	5.png
44.71342459972948	1	A-2nd	8.png
76.71257739979774	1	C-2nd	5.png
108.71527919964865	1	D-2nd	4.png
164.71139350021258	1	A-1st	12.png
178.71424699993804	1	B-3rd	11.png
190.71357609983534	1	B-3rd	11.png
