onset	duration	trial_type	stim_file
6.713216200005263	1	C-1st	2.png
66.82718989998102	1	A-3rd	10.png
94.7147677000612	1	D-3rd	3.png
