onset	duration	trial_type	stim_file
14.71303499955684	1	B-2nd	1.png
36.713371200021356	1	D-3rd	3.png
88.7137386999093	1	C-2nd	5.png
120.71449729986489	1	C-2nd	5.png
144.71226100018248	1	D-1st	6.png
172.71388299996033	1	A-2nd	8.png
200.71304049994797	1	D-1st	6.png
