onset	duration	trial_type	stim_file
30.714191399980336	1	B-1st	7.png
50.71364460000768	1	D-3rd	3.png
102.71533839963377	1	D-3rd	3.png
