onset	duration	trial_type	stim_file
24.718326800037175	1	C-3rd	9.png
52.71320540038869	1	D-1st	6.png
82.71427700016648	1	C-2nd	5.png
110.7127349996008	1	B-3rd	11.png
128.71269210008904	1	B-1st	7.png
184.71420100005344	1	A-1st	12.png
206.71298509975895	1	B-3rd	11.png
