onset	duration	trial_type	stim_file
30.715627000201494	1	D-2nd	4.png
44.78483169991523	1	C-1st	2.png
90.71383520029485	1	B-1st	7.png
98.71250919997692	1	B-3rd	11.png
134.71233419980854	1	B-2nd	1.png
174.714156600181	1	A-1st	12.png
208.71499660005793	1	C-2nd	5.png
