onset	duration	trial_type	stim_file
10.719798599999194	1	C-3rd	12.png
72.72024899999815	1	C-2nd	3.png
88.71848229999887	1	D-3rd	11.png
104.71977410000181	1	C-3rd	12.png
136.715346099998	1	B-3rd	4.png
192.71900280000045	1	A-2nd	8.png
222.7170823000015	1	B-3rd	4.png
