onset	duration	trial_type	stim_file
72.71307000000161	1	A-3rd	1.png
204.7297624999992	1	B-2nd	9.png
384.7721203000001	1	D-3rd	11.png
