onset	duration	trial_type	stim_file
12.713220900001033	1	B-2nd	9.png
58.717035300000134	1	B-2nd	9.png
92.71517379999932	1	D-2nd	7.png
112.71833870000046	1	A-1st	2.png
146.71610430000146	1	D-1st	10.png
174.71819740000137	1	D-1st	10.png
212.72160330000042	1	A-3rd	1.png
