onset	duration	trial_type	stim_file
14.720048199997109	1	A-2nd	8.png
48.72268489999988	1	D-3rd	11.png
72.71837980000055	1	B-2nd	9.png
124.7153739000023	1	C-2nd	3.png
150.71988219999912	1	B-2nd	9.png
166.7189088999985	1	C-3rd	12.png
222.71889680000095	1	C-3rd	12.png
