onset	duration	trial_type	stim_file
2.7139628999975685	1	C-2nd	3.png
34.71667399999933	1	A-1st	2.png
78.71321929999976	1	A-1st	2.png
128.72092049999992	1	B-2nd	9.png
138.71939100000236	1	D-2nd	7.png
172.71420020000005	1	D-3rd	11.png
202.72019619999992	1	D-2nd	7.png
