onset	duration	trial_type	stim_file
14.718901500000356	1	D-2nd	7.png
50.72052890000123	1	D-1st	10.png
80.7196628999991	1	A-2nd	8.png
108.7128526000015	1	C-3rd	12.png
136.71542690000206	1	B-1st	6.png
184.71252579999782	1	A-1st	2.png
218.71799459999966	1	B-1st	6.png
