onset	duration	trial_type	stim_file
108.74096660000214	1	C-1st	5.png
192.71424130000014	1	A-3rd	1.png
420.76474620000226	1	B-2nd	9.png
