onset	duration	trial_type	stim_file
4.71884879999925	1	D-2nd	7.png
46.7152322999973	1	C-1st	5.png
84.71398979999867	1	B-1st	6.png
126.71248229999765	1	C-1st	5.png
140.7217101999995	1	D-2nd	7.png
166.71481420000055	1	D-2nd	7.png
214.71883120000348	1	B-3rd	4.png
