onset	duration	trial_type	stim_file
12.712433300002886	1	C-1st	5.png
38.71250399999917	1	C-1st	5.png
92.71592880000026	1	B-2nd	9.png
124.71337289999792	1	A-1st	2.png
168.7441323000021	1	B-2nd	9.png
222.71928359999947	1	B-3rd	4.png
