onset	duration	trial_type	stim_file
12.720842000002449	1	B-2nd	9.png
36.71494109999912	1	D-1st	10.png
76.71233539999957	1	C-3rd	12.png
102.71792959999948	1	A-1st	2.png
150.7189849000024	1	A-2nd	8.png
194.71532680000018	1	C-1st	5.png
218.71545449999758	1	B-2nd	9.png
