onset	duration	trial_type	stim_file
36.715797300000304	1	D-1st	3.png
46.71555480000006	1	A-2nd	1.png
104.73404909999954	1	B-1st	9.png
114.71622409999964	1	A-2nd	1.png
170.7145000999999	1	A-1st	2.png
178.71740539999973	1	D-2nd	6.png
222.71786340000017	1	D-3rd	12.png
