onset	duration	trial_type	stim_file
10.716534500000307	1	B-3rd	10.png
40.716101300000446	1	D-3rd	12.png
64.73067900000024	1	D-1st	3.png
102.7178399000004	1	B-3rd	10.png
138.7181483000004	1	A-2nd	1.png
190.71533069999987	1	D-2nd	6.png
218.71802949999983	1	B-1st	9.png
