onset	duration	trial_type	stim_file
24.715081100000134	1	C-2nd	8.png
42.718328799999654	1	C-1st	11.png
64.71729050000067	1	D-1st	3.png
106.71707220000008	1	B-3rd	10.png
140.71718059999966	1	A-1st	2.png
172.7331566999992	1	B-1st	9.png
222.71519399999943	1	A-3rd	7.png
