onset	duration	trial_type	stim_file
18.71618639999997	1	B-1st	9.png
40.716675399999986	1	D-1st	3.png
78.71869340000012	1	A-3rd	7.png
152.71588690000044	1	C-1st	11.png
184.72048259999974	1	D-2nd	6.png
204.7162602999997	1	A-1st	2.png
