onset	duration	trial_type	stim_file
44.71528049999961	1	A-1st	2.png
78.71847059999982	1	B-2nd	4.png
116.71996430000036	1	C-3rd	5.png
154.72033190000002	1	B-3rd	10.png
180.71601939999982	1	B-3rd	10.png
208.71674020000046	1	A-1st	2.png
