onset	duration	trial_type	stim_file
36.71739200000047	1	B-2nd	4.png
228.7173139000006	1	D-2nd	6.png
408.7150869999996	1	A-3rd	7.png
