onset	duration	trial_type	stim_file
18.71776520000003	1	D-1st	3.png
46.71693049999976	1	D-2nd	6.png
82.72027499999967	1	C-2nd	8.png
116.71866020000016	1	D-1st	3.png
142.7172814000005	1	C-1st	11.png
164.71552260000044	1	C-2nd	8.png
222.71621810000033	1	B-3rd	10.png
