onset	duration	trial_type	stim_file
16.71618910000052	1	B-3rd	10.png
36.718008400000144	1	C-1st	11.png
76.72312929999953	1	A-1st	2.png
126.71935450000001	1	A-2nd	1.png
140.71726000000035	1	B-2nd	4.png
158.7155027000008	1	A-2nd	1.png
216.71666939999977	1	C-3rd	5.png
