onset	duration	trial_type	stim_file
132.72020680000014	1	C-1st	11.png
288.73329099999955	1	A-1st	2.png
360.7159220000003	1	D-3rd	12.png
