onset	duration	trial_type	stim_file
8.717996800000037	1	D-3rd	12.png
46.71534680000059	1	A-2nd	1.png
90.71714199999951	1	B-3rd	10.png
102.76702729999943	1	A-2nd	1.png
140.7165195000007	1	B-2nd	4.png
188.71821349999937	1	D-3rd	12.png
210.7165169	1	C-2nd	8.png
