onset	duration	trial_type	stim_file
12.714721799828112	1	C-2nd	7.png
74.71462169988081	1	D-1st	12.png
98.7144871999044	1	B-2nd	6.png
