onset	duration	trial_type	stim_file
2.7141772999893874	1	D-1st	12.png
42.713670699857175	1	A-1st	5.png
110.7147822000552	1	D-2nd	9.png
