onset	duration	trial_type	stim_file
18.713793399976566	1	B-1st	8.png
36.71563250012696	1	C-1st	10.png
80.71282509993762	1	C-3rd	2.png
94.71570180007257	1	A-3rd	1.png
128.71419239998795	1	B-1st	8.png
186.71512499987148	1	D-2nd	9.png
222.72070490010083	1	B-3rd	11.png
