onset	duration	trial_type	stim_file
20.714282899862155	1	D-3rd	3.png
44.71503939991817	1	B-3rd	11.png
84.71353259985335	1	A-2nd	4.png
108.7150457999669	1	D-1st	12.png
152.7152749998495	1	B-2nd	6.png
186.7136382998433	1	A-3rd	1.png
218.71532570011914	1	B-1st	8.png
