onset	duration	trial_type	stim_file
10.714141699951142	1	C-2nd	7.png
58.71293709985912	1	D-3rd	3.png
78.71587869990617	1	C-1st	10.png
108.71446969988756	1	D-3rd	3.png
130.71371820010245	1	B-2nd	6.png
184.71304419985972	1	C-1st	10.png
208.7146113999188	1	A-2nd	4.png
