onset	duration	trial_type	stim_file
20.726600700058043	1	C-1st	10.png
42.71438249992207	1	B-3rd	11.png
76.74186820001341	1	A-2nd	4.png
96.71331959986128	1	C-3rd	2.png
138.7155611999333	1	D-1st	12.png
174.713122199988	1	D-1st	12.png
198.71318509988487	1	C-1st	10.png
