onset	duration	trial_type	stim_file
18.71354589983821	1	A-2nd	4.png
66.71535259997472	1	D-1st	12.png
92.71588349994272	1	D-1st	12.png
108.71521749999374	1	B-3rd	11.png
142.76665299991146	1	B-2nd	6.png
192.71290810010396	1	A-2nd	4.png
204.7144114000257	1	D-3rd	3.png
