onset	duration	trial_type	stim_file
12.716003300156444	1	A-2nd	4.png
32.71313529997133	1	C-1st	10.png
74.71360679995269	1	A-2nd	4.png
116.71340580005199	1	D-3rd	3.png
136.71258700010367	1	B-2nd	6.png
178.71466620010324	1	C-3rd	2.png
190.7157044999767	1	B-3rd	11.png
