onset	duration	trial_type	stim_file
4.71357770008035	1	B-3rd	11.png
56.71391539997421	1	B-3rd	11.png
94.71374669997022	1	D-1st	12.png
104.71527119982056	1	A-1st	5.png
146.71193269989453	1	C-3rd	2.png
178.71363620017655	1	A-3rd	1.png
204.7148166000843	1	D-1st	12.png
