onset	duration	trial_type	stim_file
20.733420399948955	1	D-2nd	9.png
32.71590259997174	1	B-3rd	11.png
82.71489350008778	1	A-2nd	4.png
122.71372910006903	1	C-2nd	7.png
152.7123940999154	1	B-3rd	11.png
162.71295339986682	1	C-3rd	2.png
196.71400230005383	1	C-1st	10.png
