onset	duration	trial_type	stim_file
144.71804619999602	1	A-2nd	8.png
252.7339440002106	1	D-2nd	2.png
300.7335277996026	1	C-1st	10.png
