onset	duration	trial_type	stim_file
20.738182900007814	1	D-2nd	2.png
62.71469059959054	1	B-3rd	4.png
64.71775759989396	1	C-1st	10.png
102.71536780009046	1	D-2nd	2.png
124.71317650005221	1	B-1st	1.png
186.71730130026117	1	B-2nd	5.png
198.71654339972883	1	B-1st	1.png
