onset	duration	trial_type	stim_file
16.71197050018236	1	B-1st	1.png
34.713526899926364	1	A-3rd	9.png
76.73126839986071	1	A-3rd	9.png
122.71495769964531	1	C-3rd	11.png
142.7129981997423	1	B-3rd	4.png
190.71583050023764	1	B-1st	1.png
222.71380400005728	1	D-3rd	12.png
