onset	duration	trial_type	stim_file
20.713959699962288	1	C-2nd	6.png
34.71629690006375	1	B-1st	1.png
82.7165789003484	1	A-1st	7.png
116.71705160010606	1	B-1st	1.png
134.71607520012185	1	C-1st	10.png
178.71389600029215	1	A-3rd	9.png
208.71699970029294	1	A-2nd	8.png
