onset	duration	trial_type	stim_file
20.73618380026892	1	D-1st	3.png
54.71453170012683	1	C-3rd	11.png
82.71712729986757	1	A-2nd	8.png
114.71265480015427	1	D-1st	3.png
162.71348719997332	1	A-1st	7.png
180.7171750999987	1	C-3rd	11.png
210.71720209997147	1	D-2nd	2.png
