onset	duration	trial_type	stim_file
20.713312100153416	1	C-3rd	11.png
40.71206119982526	1	C-1st	10.png
84.71644659992307	1	C-3rd	11.png
106.71678149979562	1	C-2nd	6.png
154.73597719985992	1	A-1st	7.png
172.71692340029404	1	C-2nd	6.png
198.71681390004233	1	B-2nd	5.png
