onset	duration	trial_type	stim_file
30.73616289999336	1	B-3rd	4.png
56.71707520028576	1	B-1st	1.png
82.71256250003353	1	A-3rd	9.png
118.71388199971989	1	A-2nd	8.png
154.7140478999354	1	A-1st	7.png
172.71646140003577	1	D-2nd	2.png
218.71827149996534	1	B-1st	1.png
