onset	duration	trial_type	stim_file
108.71446589985862	1	A-3rd	9.png
252.71619450021535	1	D-2nd	2.png
420.7341458997689	1	B-3rd	4.png
