onset	duration	trial_type	stim_file
28.713508599903435	1	C-2nd	6.png
60.716465200297534	1	B-3rd	4.png
92.71574130002409	1	D-3rd	12.png
114.71474780002609	1	B-3rd	4.png
142.71614369982854	1	D-2nd	2.png
178.71345150005072	1	D-3rd	12.png
222.7167615997605	1	D-3rd	12.png
