onset	duration	trial_type	stim_file
2.728316599968821	1	D-2nd	2.png
32.71515029994771	1	B-3rd	4.png
82.71578689990565	1	A-1st	7.png
104.71717699989676	1	B-2nd	5.png
138.71405950002372	1	D-2nd	2.png
162.71642660023645	1	A-3rd	9.png
220.71767819998786	1	C-2nd	6.png
