onset	duration	trial_type	stim_file
4.718911599999046	1	A-3rd	12.png
40.71703239999988	1	C-3rd	3.png
64.7179715000002	1	A-1st	9.png
100.71727219999957	1	A-3rd	12.png
156.7187054999995	1	C-1st	6.png
188.7175298000002	1	D-3rd	2.png
206.7172116999991	1	B-2nd	8.png
