onset	duration	trial_type	stim_file
10.718995900000664	1	D-3rd	2.png
52.718261100000746	1	B-2nd	8.png
64.7181686999993	1	A-3rd	12.png
114.7188356000006	1	B-3rd	1.png
164.718460099999	1	D-1st	11.png
180.7201167000003	1	B-1st	10.png
222.71942390000004	1	B-3rd	1.png
