onset	duration	trial_type	stim_file
20.718017099999997	1	C-1st	6.png
64.71799459999966	1	D-3rd	2.png
84.71809129999929	1	C-1st	6.png
104.71895229999973	1	A-1st	9.png
160.71863060000032	1	D-3rd	2.png
170.7173674000005	1	C-3rd	3.png
216.71801570000025	1	C-1st	6.png
