onset	duration	trial_type	stim_file
96.71887129999959	1	A-1st	9.png
180.7200026999999	1	C-3rd	3.png
360.7192414000001	1	A-1st	9.png
