onset	duration	trial_type	stim_file
24.719311999999263	1	B-2nd	8.png
38.718569700000444	1	D-3rd	2.png
84.71850230000018	1	A-1st	9.png
136.71865239999897	1	C-3rd	3.png
156.71757030000117	1	D-1st	11.png
170.71695890000046	1	A-3rd	12.png
196.71946859999844	1	A-2nd	4.png
