onset	duration	trial_type	stim_file
22.718627300000662	1	A-3rd	12.png
34.718374300000505	1	B-3rd	1.png
92.7191230999997	1	A-1st	9.png
146.71786099999917	1	D-1st	11.png
184.71809399999984	1	D-1st	11.png
210.71864389999973	1	D-2nd	5.png
