onset	duration	trial_type	stim_file
132.71890910000002	1	B-2nd	8.png
156.85975939999844	1	A-1st	9.png
324.7269852999998	1	B-1st	10.png
