onset	duration	trial_type	stim_file
16.71847919999891	1	B-2nd	8.png
68.71820549999939	1	C-3rd	3.png
90.71789969999918	1	B-1st	10.png
110.7182541000002	1	D-2nd	5.png
160.71802209999987	1	D-1st	11.png
166.71894229999998	1	D-3rd	2.png
196.71725329999936	1	B-3rd	1.png
