onset	duration	trial_type	stim_file
22.718309099785984	1	C-1st	6.png
58.71612889971584	1	A-2nd	3.png
72.715794400312	1	B-2nd	12.png
122.71545109990984	1	D-1st	5.png
132.7168231997639	1	A-1st	8.png
166.7163669001311	1	D-3rd	1.png
200.7162862997502	1	A-1st	8.png
