onset	duration	trial_type	stim_file
30.71637999918312	1	D-1st	5.png
52.718948299996555	1	D-2nd	4.png
82.71794280037284	1	D-1st	5.png
100.71602169983089	1	A-2nd	3.png
126.71664759982377	1	A-2nd	3.png
186.71805980056524	1	D-3rd	1.png
194.71625149995089	1	B-3rd	9.png
