onset	duration	trial_type	stim_file
22.715873699635267	1	B-2nd	12.png
40.71614830009639	1	B-2nd	12.png
82.71609309967607	1	C-3rd	2.png
114.71584590058774	1	D-2nd	4.png
152.7158420998603	1	C-1st	6.png
188.71629239991307	1	D-1st	5.png
222.71582349948585	1	A-3rd	11.png
