onset	duration	trial_type	stim_file
6.715152999386191	1	C-2nd	7.png
54.716122600249946	1	B-1st	10.png
76.71662670001388	1	B-3rd	9.png
94.71685670036823	1	C-2nd	7.png
148.7180027998984	1	D-3rd	1.png
152.7189945001155	1	A-2nd	3.png
204.7161061000079	1	D-3rd	1.png
