onset	duration	trial_type	stim_file
36.715682700276375	1	A-2nd	3.png
40.717013199813664	1	B-1st	10.png
70.717918000184	1	D-3rd	1.png
98.71558769978583	1	B-1st	10.png
142.729964800179	1	D-3rd	1.png
188.71688809990883	1	B-1st	10.png
192.7165194004774	1	B-3rd	9.png
