onset	duration	trial_type	stim_file
30.716164499521255	1	C-1st	6.png
54.716827699914575	1	D-2nd	4.png
102.71635999996215	1	B-1st	10.png
