onset	duration	trial_type	stim_file
28.79994530044496	1	A-2nd	3.png
50.802826000377536	1	A-3rd	11.png
74.80166070070118	1	C-3rd	2.png
