onset	duration	trial_type	stim_file
6.718214699998498	1	D-1st	5.png
80.71775809954852	1	D-2nd	4.png
110.71628629975021	1	C-3rd	2.png
