onset	duration	trial_type	stim_file
24.717361700721085	1	D-1st	5.png
42.717459600418806	1	B-3rd	9.png
104.71598299965262	1	C-3rd	2.png
124.71477910038084	1	A-2nd	3.png
156.71579280029982	1	B-2nd	12.png
180.71646919939667	1	D-3rd	1.png
202.71638750005513	1	D-2nd	4.png
