onset	duration	trial_type	stim_file
4.717591899912804	1	B-2nd	7.png
32.71224409993738	1	D-1st	2.png
92.71383040002547	1	D-1st	2.png
106.71291180001572	1	A-2nd	1.png
146.73459680005908	1	A-3rd	6.png
192.7124694000231	1	D-1st	2.png
218.71509390010033	1	A-2nd	1.png
