onset	duration	trial_type	stim_file
32.716360299964435	1	D-2nd	10.png
52.71552789991256	1	B-2nd	7.png
94.71576189994812	1	C-2nd	3.png
