onset	duration	trial_type	stim_file
28.71368899999652	1	B-2nd	7.png
30.73268180002924	1	B-3rd	12.png
64.71441360004246	1	D-1st	2.png
118.71444779995363	1	D-3rd	8.png
136.71433489990886	1	B-2nd	7.png
176.73242690006737	1	A-2nd	1.png
200.71289070008788	1	A-2nd	1.png
