onset	duration	trial_type	stim_file
16.71438539994415	1	A-3rd	6.png
38.713778299978	1	C-2nd	3.png
78.71463689999655	1	A-3rd	6.png
128.73236490006093	1	C-3rd	9.png
158.71467240003403	1	C-3rd	9.png
170.71370930003468	1	B-2nd	7.png
214.71227349992841	1	D-3rd	8.png
