onset	duration	trial_type	stim_file
28.713861200027168	1	C-2nd	3.png
40.71568260004278	1	B-2nd	7.png
66.7145522000501	1	D-2nd	10.png
112.71255059994292	1	D-3rd	8.png
144.71635889995378	1	D-3rd	8.png
182.71567339997273	1	B-3rd	12.png
210.7126094000414	1	C-1st	11.png
