onset	duration	trial_type	stim_file
16.712575700017624	1	A-3rd	6.png
52.71434039995074	1	C-1st	11.png
92.71414529997855	1	A-1st	4.png
104.71569929993711	1	C-2nd	3.png
136.71483099996112	1	A-3rd	6.png
166.71448460000101	1	C-1st	11.png
208.7126951001119	1	B-2nd	7.png
