onset	duration	trial_type	stim_file
14.713429800001904	1	C-2nd	3.png
54.71603599993978	1	B-2nd	7.png
110.71399030007888	1	D-2nd	10.png
