onset	duration	trial_type	stim_file
32.713621900067665	1	B-2nd	7.png
38.712729900027625	1	A-1st	4.png
64.7147145998897	1	D-2nd	10.png
106.71334979997482	1	B-1st	5.png
146.7149449000135	1	B-3rd	12.png
176.71522080001887	1	B-1st	5.png
204.7145620000083	1	A-3rd	6.png
