onset	duration	trial_type	stim_file
14.71256330003962	1	D-2nd	10.png
54.71398140001111	1	C-3rd	9.png
94.718681700062	1	A-3rd	6.png
130.71224669995718	1	C-3rd	9.png
142.71420359995682	1	B-3rd	12.png
172.71278029994573	1	D-2nd	10.png
214.71379940002225	1	C-3rd	9.png
