onset	duration	trial_type	stim_file
26.71474379999563	1	C-2nd	3.png
54.715025300043635	1	C-2nd	3.png
86.71632719994523	1	B-3rd	12.png
124.71526610001456	1	B-3rd	12.png
136.7145601999946	1	C-1st	11.png
188.71372420003172	1	B-1st	5.png
216.7133456999436	1	D-1st	2.png
