onset	duration	trial_type	stim_file
32.76032420003321	1	C-2nd	5.png
52.714940599980764	1	A-2nd	11.png
80.71503900003154	1	D-2nd	4.png
116.71536989999004	1	B-3rd	9.png
138.7159355999902	1	D-1st	3.png
170.7138332000468	1	B-1st	8.png
204.71290060004685	1	A-1st	6.png
