onset	duration	trial_type	stim_file
4.716421000077389	1	C-2nd	5.png
56.715926600038074	1	A-3rd	1.png
94.71590019995347	1	A-1st	6.png
98.71421410003677	1	A-3rd	1.png
142.71489750000183	1	C-3rd	12.png
180.7178317999933	1	B-3rd	9.png
210.71273309993558	1	D-3rd	2.png
