onset	duration	trial_type	stim_file
26.715584799996577	1	A-3rd	1.png
42.712126299971715	1	D-2nd	4.png
120.71439440001268	1	D-1st	3.png
146.71484999998938	1	C-1st	10.png
170.73470250004902	1	D-1st	3.png
220.7670366000384	1	B-2nd	7.png
