onset	duration	trial_type	stim_file
20.71635999996215	1	A-3rd	1.png
38.716398900025524	1	C-3rd	12.png
76.84326779993717	1	D-2nd	4.png
102.71416299999692	1	B-3rd	9.png
150.73087169998325	1	D-2nd	4.png
168.71233910007868	1	C-1st	10.png
218.71473680005874	1	D-2nd	4.png
