onset	duration	trial_type	stim_file
10.797373099951074	1	C-1st	10.png
42.714329199981876	1	A-1st	6.png
