onset	duration	trial_type	stim_file
20.71137070003897	1	B-1st	8.png
32.71550910000224	1	A-1st	6.png
66.72194910002872	1	D-2nd	4.png
122.86881670006551	1	D-3rd	2.png
132.7135064000031	1	C-2nd	5.png
172.71978109993506	1	A-3rd	1.png
202.7127046000678	1	C-2nd	5.png
