onset	duration	trial_type	stim_file
30.715802200022154	1	C-1st	10.png
54.7152065000264	1	A-1st	6.png
66.7161502999952	1	D-2nd	4.png
112.71520530001726	1	C-3rd	12.png
152.7134312998969	1	B-2nd	7.png
172.71548740006983	1	A-1st	6.png
200.7150567000499	1	D-1st	3.png
