onset	duration	trial_type	stim_file
24.716156699927524	1	C-3rd	12.png
88.71393019997049	1	C-3rd	12.png
122.73816049995366	1	C-2nd	5.png
158.7118755999254	1	C-1st	10.png
178.71551710006315	1	B-3rd	9.png
206.71375799993984	1	C-3rd	12.png
