onset	duration	trial_type	stim_file
22.754915100056678	1	B-1st	8.png
80.71530959999654	1	C-1st	10.png
88.71563889994286	1	B-2nd	7.png
