onset	duration	trial_type	stim_file
20.717826300000524	1	A-3rd	7.png
44.71716739999829	1	B-3rd	5.png
92.71816900000158	1	D-2nd	9.png
140.7180141000008	1	A-3rd	7.png
158.71792370000003	1	C-1st	12.png
188.71809250000115	1	A-1st	1.png
208.71755570000096	1	A-3rd	7.png
