onset	duration	trial_type	stim_file
10.717974199998935	1	D-1st	6.png
34.71929860000091	1	B-3rd	5.png
86.71762649999982	1	A-2nd	10.png
130.71838349999962	1	D-3rd	11.png
152.7435344000005	1	A-2nd	10.png
176.71861179999905	1	B-3rd	5.png
216.7182260999998	1	C-3rd	3.png
