onset	duration	trial_type	stim_file
96.71818669999993	1	D-1st	6.png
204.71703770000022	1	B-1st	8.png
408.7174935999992	1	D-2nd	9.png
