onset	duration	trial_type	stim_file
24.71807760000047	1	C-3rd	3.png
38.71643489999951	1	D-2nd	9.png
76.71697680000034	1	B-1st	8.png
118.71887139999853	1	B-2nd	4.png
152.71887239999887	1	C-1st	12.png
170.71732809999958	1	B-1st	8.png
200.71824109999943	1	B-2nd	4.png
