onset	duration	trial_type	stim_file
14.718695199999274	1	A-3rd	7.png
50.71734919999835	1	D-1st	6.png
62.7177032999989	1	A-2nd	10.png
116.71802560000106	1	D-2nd	9.png
134.71725940000033	1	C-2nd	2.png
182.71672620000027	1	A-1st	1.png
214.7192696000002	1	C-2nd	2.png
