onset	duration	trial_type	stim_file
22.718769000000975	1	D-2nd	9.png
40.7171914999999	1	D-3rd	11.png
68.74275450000096	1	C-2nd	2.png
110.71610680000049	1	D-1st	6.png
144.71839050000017	1	D-1st	6.png
182.74146409999958	1	D-2nd	9.png
206.71792780000033	1	B-2nd	4.png
