onset	duration	trial_type	stim_file
4.717615199999273	1	A-3rd	7.png
48.71828519999872	1	D-1st	6.png
64.7190172999999	1	A-2nd	10.png
90.71876499999962	1	B-3rd	5.png
116.71865140000045	1	C-1st	12.png
166.71809209999992	1	C-2nd	2.png
192.71797699999843	1	C-3rd	3.png
