onset	duration	trial_type	stim_file
48.71945890000097	1	B-1st	8.png
252.74537579999924	1	C-3rd	3.png
408.71786880000036	1	D-2nd	9.png
