onset	duration	trial_type	stim_file
10.719172099999923	1	A-1st	1.png
64.71872579999945	1	B-3rd	5.png
88.71729809999852	1	A-3rd	7.png
102.71920330000103	1	D-3rd	11.png
164.71869420000075	1	A-1st	1.png
170.71935769999982	1	A-3rd	7.png
222.7185716999993	1	A-3rd	7.png
