onset	duration	trial_type	stim_file
12.717459400000735	1	D-3rd	11.png
44.71883290000005	1	D-3rd	11.png
70.71833159999915	1	D-1st	6.png
138.71798189999936	1	A-3rd	7.png
180.71914560000005	1	D-1st	6.png
198.71745609999925	1	C-1st	12.png
