onset	duration	trial_type	stim_file
12.744196300000112	1	D-3rd	9.png
50.716783199999554	1	B-3rd	7.png
86.71717979999994	1	C-1st	2.png
102.71798049999961	1	B-2nd	6.png
156.71555219999937	1	C-1st	2.png
176.71668540000064	1	B-1st	11.png
222.7178958000004	1	B-3rd	7.png
