onset	duration	trial_type	stim_file
30.717395299998316	1	A-2nd	4.png
56.715423999999985	1	A-1st	8.png
78.71761210000113	1	A-2nd	4.png
116.71787100000074	1	C-2nd	5.png
138.71822900000006	1	C-2nd	5.png
172.7181055000001	1	A-1st	8.png
218.71606239999892	1	D-2nd	3.png
