onset	duration	trial_type	stim_file
18.717418400001407	1	A-2nd	4.png
42.71858079999947	1	A-1st	8.png
76.75028509999902	1	B-3rd	7.png
94.7182843999999	1	D-2nd	3.png
154.71659069999987	1	B-3rd	7.png
168.7183144999999	1	C-2nd	5.png
212.7435927000006	1	A-1st	8.png
