onset	duration	trial_type	stim_file
60.82239590000063	1	C-1st	2.png
216.71683549999943	1	D-2nd	3.png
420.744305799999	1	A-2nd	4.png
