onset	duration	trial_type	stim_file
20.71928829999888	1	C-1st	2.png
46.71731650000038	1	B-2nd	6.png
62.71579659999952	1	D-1st	12.png
110.71650030000092	1	B-3rd	7.png
158.71739650000018	1	B-3rd	7.png
188.71822430000066	1	B-1st	11.png
208.71709399999963	1	D-1st	12.png
