onset	duration	trial_type	stim_file
4.717160000000149	1	D-2nd	3.png
56.71655009999995	1	B-1st	11.png
96.71557589999975	1	B-1st	11.png
110.71571260000019	1	D-1st	12.png
140.7164771000007	1	D-2nd	3.png
176.71630820000064	1	A-2nd	4.png
194.71625210000093	1	B-3rd	7.png
