onset	duration	trial_type	stim_file
2.716150000000198	1	B-2nd	6.png
48.717732900000556	1	A-1st	8.png
86.71759150000071	1	A-1st	8.png
110.71778950000044	1	C-3rd	10.png
154.71817310000006	1	C-1st	2.png
182.71669570000086	1	B-1st	11.png
198.7168970999992	1	C-2nd	5.png
