onset	duration	trial_type	stim_file
108.71665579999899	1	A-2nd	4.png
240.71737070000017	1	D-3rd	9.png
360.7190631000012	1	C-1st	2.png
