onset	duration	trial_type	stim_file
38.71704370000043	1	B-2nd	6.png
60.717791600000055	1	C-3rd	10.png
74.71867810000003	1	B-3rd	7.png
124.75447309999981	1	A-3rd	1.png
132.71630580000055	1	B-1st	11.png
158.7160307999984	1	D-2nd	3.png
210.7544042999998	1	B-1st	11.png
