onset	duration	trial_type	stim_file
36.718798900001275	1	C-2nd	5.png
38.71750939999947	1	C-3rd	10.png
98.71707129999959	1	A-1st	8.png
120.71627700000136	1	B-1st	11.png
154.71628039999996	1	C-1st	2.png
182.71728669999902	1	D-2nd	3.png
206.71845759999997	1	C-2nd	5.png
