onset	duration	trial_type	stim_file
18.716294600628316	1	A-2nd	10.png
122.71616060007364	1	D-3rd	12.png
180.71690749935806	1	B-2nd	4.png
212.7165532000363	1	D-2nd	6.png
