onset	duration	trial_type	stim_file
10.717924799770117	1	B-2nd	4.png
40.716084100306034	1	B-1st	3.png
66.71749810036272	1	A-1st	11.png
98.73333560023457	1	B-1st	3.png
142.71813389938325	1	C-2nd	8.png
162.75699219945818	1	D-2nd	6.png
200.71626690030098	1	A-2nd	10.png
