onset	duration	trial_type	stim_file
24.71659019961953	1	B-3rd	5.png
48.716589100658894	1	A-3rd	1.png
108.71710380073637	1	A-1st	11.png
