onset	duration	trial_type	stim_file
8.80090199969709	1	A-1st	11.png
12.978001999668777	1	A-2nd	10.png
20.94590579997748	1	C-3rd	9.png
32.9482605997473	1	A-3rd	1.png
