onset	duration	trial_type	stim_file
14.718488600105047	1	D-1st	7.png
84.71648610010743	1	C-3rd	9.png
