onset	duration	trial_type	stim_file
16.715613699518144	1	A-3rd	1.png
42.71752920001745	1	A-1st	11.png
72.71634900011122	1	C-2nd	8.png
130.7163413995877	1	D-2nd	6.png
164.7338288994506	1	D-3rd	12.png
174.71625729929656	1	A-1st	11.png
