onset	duration	trial_type	stim_file
44.71626850031316	1	B-1st	3.png
128.71617699973285	1	C-1st	2.png
194.71894109994173	1	B-2nd	4.png
