onset	duration	trial_type	stim_file
12.715744299814105	1	A-1st	11.png
42.71538390032947	1	A-3rd	1.png
80.71622330043465	1	B-2nd	4.png
120.71643020026386	1	D-2nd	6.png
136.71711160056293	1	C-3rd	9.png
154.7156435996294	1	C-2nd	8.png
194.7183125000447	1	B-2nd	4.png
