onset	duration	trial_type	stim_file
26.716177999973297	1	C-1st	2.png
60.717438199557364	1	C-2nd	8.png
92.71683300007135	1	D-1st	7.png
118.71807910036296	1	B-1st	3.png
152.7154083000496	1	A-2nd	10.png
174.71614240016788	1	B-3rd	5.png
194.71551289968193	1	B-3rd	5.png
