onset	duration	trial_type	stim_file
6.717616400681436	1	D-3rd	12.png
52.717268999665976	1	D-2nd	6.png
80.80290829949081	1	A-3rd	1.png
134.71752220019698	1	D-2nd	6.png
184.71608330029994	1	D-3rd	12.png
210.71646910067648	1	C-3rd	9.png
