onset	duration	trial_type	stim_file
22.73307630047202	1	B-3rd	5.png
54.716944799758494	1	C-1st	2.png
96.7248509991914	1	B-3rd	5.png
104.71688540000468	1	D-3rd	12.png
142.7163183996454	1	C-1st	2.png
176.71628599986434	1	D-2nd	6.png
220.71752590034157	1	A-2nd	10.png
