onset	duration	trial_type	stim_file
18.716890699999567	1	B-3rd	10.png
38.71695189999991	1	A-3rd	5.png
78.71804590000102	1	C-2nd	1.png
112.71682169999985	1	D-3rd	6.png
150.71578539999973	1	D-1st	7.png
166.71662620000097	1	B-3rd	10.png
194.71645050000006	1	B-2nd	4.png
