onset	duration	trial_type	stim_file
60.71563940000124	1	A-1st	12.png
204.7162774999997	1	B-3rd	10.png
372.8884479999997	1	D-3rd	6.png
