onset	duration	trial_type	stim_file
4.739072899999883	1	A-2nd	3.png
48.717365900000004	1	D-2nd	11.png
84.7160229000001	1	B-2nd	4.png
126.71635950000018	1	C-1st	2.png
158.7171940999997	1	C-2nd	1.png
178.71537040000112	1	B-1st	8.png
208.7164800999999	1	D-2nd	11.png
