onset	duration	trial_type	stim_file
24.71731279999949	1	D-2nd	11.png
192.71839080000063	1	C-1st	2.png
360.7411061999992	1	B-1st	8.png
