onset	duration	trial_type	stim_file
2.716933499999868	1	A-2nd	3.png
60.71633809999912	1	A-2nd	3.png
72.71647719999964	1	A-2nd	3.png
114.71719510000003	1	A-1st	12.png
124.71637089999967	1	B-1st	8.png
180.8414372999996	1	A-2nd	3.png
198.7173555999998	1	A-1st	12.png
