onset	duration	trial_type	stim_file
26.718679800000245	1	B-1st	8.png
54.71628410000085	1	A-1st	12.png
84.71660220000012	1	B-2nd	4.png
120.71626050000123	1	B-2nd	4.png
132.75242660000004	1	D-3rd	6.png
176.71854779999921	1	A-1st	12.png
210.7171760000001	1	D-2nd	11.png
