onset	duration	trial_type	stim_file
32.72634149999976	1	B-1st	8.png
50.73647029999847	1	D-1st	7.png
90.7168313000002	1	A-2nd	3.png
140.71702600000026	1	B-1st	8.png
164.71802799999932	1	C-2nd	1.png
194.7151326000003	1	B-2nd	4.png
214.71754559999863	1	A-1st	12.png
