onset	duration	trial_type	stim_file
38.715523900000335	1	B-2nd	4.png
84.71609960000023	1	A-2nd	3.png
126.71793880000041	1	A-2nd	3.png
152.7167683000007	1	B-1st	8.png
182.7419850999995	1	D-2nd	11.png
196.71831910000037	1	C-3rd	9.png
