onset	duration	trial_type	stim_file
4.717717700001231	1	A-3rd	5.png
52.71663540000009	1	B-3rd	10.png
104.71679839999888	1	B-3rd	10.png
130.71741139999904	1	D-2nd	11.png
150.71770240000114	1	B-1st	8.png
178.7173358	1	D-1st	7.png
212.71594539999933	1	D-1st	7.png
