onset	duration	trial_type	stim_file
40.71324179973453	1	A-1st	6.png
68.71303569991142	1	A-2nd	4.png
94.71543790027499	1	C-2nd	3.png
122.71357290027663	1	A-1st	6.png
160.71389199979603	1	C-3rd	8.png
174.71360380016267	1	B-3rd	5.png
198.71361979981884	1	D-2nd	11.png
