onset	duration	trial_type	stim_file
30.711840599775314	1	C-2nd	3.png
44.71631549997255	1	B-1st	12.png
86.71073679998517	1	B-3rd	5.png
110.71208239998668	1	C-2nd	3.png
156.71135760005563	1	C-3rd	8.png
196.71055479999632	1	C-2nd	3.png
218.71009669965133	1	B-1st	12.png
