onset	duration	trial_type	stim_file
16.716132199857384	1	D-3rd	2.png
42.71179459989071	1	C-2nd	3.png
74.712130300235	1	A-3rd	10.png
132.7118064998649	1	A-2nd	4.png
150.71243500011042	1	D-3rd	2.png
194.7118243998848	1	C-1st	9.png
220.71332149999216	1	A-2nd	4.png
