onset	duration	trial_type	stim_file
22.71239129966125	1	A-1st	6.png
72.73663089983165	1	D-3rd	2.png
90.74159800028428	1	C-3rd	8.png
