onset	duration	trial_type	stim_file
18.76207090029493	1	A-3rd	10.png
80.71415570005774	1	D-2nd	11.png
100.71509850025177	1	C-2nd	3.png
