onset	duration	trial_type	stim_file
28.713774799834937	1	C-1st	9.png
56.71283040009439	1	D-1st	7.png
84.81624290021136	1	B-3rd	5.png
88.71439209999517	1	A-2nd	4.png
132.7117383000441	1	C-2nd	3.png
170.71494970005006	1	B-1st	12.png
200.7137098000385	1	C-2nd	3.png
