onset	duration	trial_type	stim_file
6.713539800141007	1	D-3rd	2.png
64.71382650034502	1	B-2nd	1.png
96.71071780007333	1	D-1st	7.png
118.75279300007969	1	B-2nd	1.png
140.7474071001634	1	C-2nd	3.png
176.71365970000625	1	C-2nd	3.png
200.71369699994102	1	A-1st	6.png
