onset	duration	trial_type	stim_file
10.712770199868828	1	A-2nd	4.png
48.71224749973044	1	A-2nd	4.png
72.71303169988096	1	B-1st	12.png
128.71192190004513	1	A-2nd	4.png
154.711922199931	1	B-3rd	5.png
184.71131219994277	1	B-1st	12.png
216.7123010000214	1	B-3rd	5.png
