onset	duration	trial_type	stim_file
28.71370409987867	1	D-1st	7.png
38.714600999839604	1	A-1st	6.png
80.71070519974455	1	B-3rd	5.png
108.71525070024654	1	D-3rd	2.png
154.7126768003218	1	C-1st	9.png
166.71500440035015	1	B-1st	12.png
194.73502909997478	1	C-2nd	3.png
