onset	duration	trial_type	stim_file
16.7173015999997	1	D-1st	4.png
48.71647490000032	1	A-1st	11.png
78.71576419999928	1	C-2nd	2.png
102.71656919999987	1	B-2nd	7.png
130.71717549999994	1	A-1st	11.png
168.71654639999997	1	B-1st	8.png
216.71780390000004	1	C-1st	10.png
