onset	duration	trial_type	stim_file
26.717648899999404	1	A-2nd	12.png
56.71580069999982	1	D-2nd	6.png
74.71660520000023	1	A-1st	11.png
130.74114199999985	1	C-2nd	2.png
160.71776520000003	1	D-1st	4.png
186.71712149999985	1	B-3rd	1.png
206.71777920000022	1	B-2nd	7.png
