onset	duration	trial_type	stim_file
144.71777340000062	1	B-3rd	1.png
216.71640480000042	1	C-2nd	2.png
348.71787570000015	1	B-3rd	1.png
