onset	duration	trial_type	stim_file
38.71731529999943	1	A-3rd	9.png
74.71734399999968	1	D-3rd	3.png
122.7158786	1	A-1st	11.png
136.71717360000002	1	C-3rd	5.png
170.71636579999995	1	A-2nd	12.png
200.7173431000001	1	D-2nd	6.png
