onset	duration	trial_type	stim_file
28.718153300000267	1	A-3rd	9.png
60.7184113000003	1	A-1st	11.png
80.71744940000008	1	B-3rd	1.png
116.71689609999976	1	D-1st	4.png
144.7181800999997	1	C-3rd	5.png
178.71740779999982	1	C-3rd	5.png
212.71940579999955	1	D-2nd	6.png
