onset	duration	trial_type	stim_file
20.72096540000075	1	D-2nd	6.png
40.716851099999985	1	B-2nd	7.png
68.71804379999958	1	B-1st	8.png
108.71711770000002	1	A-1st	11.png
148.71733270000004	1	D-2nd	6.png
160.71679719999975	1	A-2nd	12.png
222.7191655000006	1	C-3rd	5.png
