onset	duration	trial_type	stim_file
28.717479200000525	1	B-3rd	1.png
66.7179758000002	1	B-2nd	7.png
106.71837049999976	1	B-2nd	7.png
144.71798539999963	1	B-1st	8.png
162.71783890000006	1	C-2nd	2.png
