onset	duration	trial_type	stim_file
20.718261499999244	1	D-2nd	6.png
64.71735110000009	1	C-3rd	5.png
84.71644180000021	1	D-2nd	6.png
132.71781229999942	1	B-3rd	1.png
134.71697229999972	1	D-1st	4.png
186.7180515	1	C-3rd	5.png
202.71562379999978	1	D-3rd	3.png
