onset	duration	trial_type	stim_file
36.71694649999972	1	D-3rd	3.png
276.7523314	1	C-3rd	5.png
408.7171096000002	1	D-2nd	6.png
