onset	duration	trial_type	stim_file
8.716761000017868	1	C-3rd	2.png
54.71448739999323	1	A-3rd	5.png
70.7822703999991	1	D-3rd	1.png
124.87396620001527	1	D-3rd	1.png
144.71786059997976	1	C-1st	9.png
154.71730850002496	1	D-2nd	4.png
206.71516140000313	1	A-1st	11.png
