onset	duration	trial_type	stim_file
8.717730100004701	1	A-1st	11.png
40.71611870001652	1	C-2nd	3.png
78.71414409999852	1	B-1st	8.png
100.71350600000005	1	C-3rd	2.png
132.74599920000765	1	B-1st	8.png
170.7149078999937	1	D-2nd	4.png
222.71617369999876	1	D-3rd	1.png
