onset	duration	trial_type	stim_file
26.71634820001782	1	B-1st	8.png
34.789251999987755	1	B-3rd	7.png
62.838758300000336	1	D-1st	10.png
104.86615859999438	1	B-1st	8.png
126.71664379999856	1	C-2nd	3.png
160.82292919998872	1	A-3rd	5.png
222.71456300001591	1	A-3rd	5.png
