onset	duration	trial_type	stim_file
132.7134642000019	1	D-3rd	1.png
192.71570080000674	1	B-1st	8.png
324.8013322999759	1	A-2nd	6.png
