onset	duration	trial_type	stim_file
22.813723900006153	1	D-3rd	1.png
34.71825589999207	1	D-1st	10.png
86.71651659999043	1	B-3rd	7.png
102.71420489999582	1	C-1st	9.png
144.71929629999795	1	C-1st	9.png
180.85020950000035	1	A-3rd	5.png
222.73723930001142	1	A-3rd	5.png
