onset	duration	trial_type	stim_file
8.71812060000957	1	C-3rd	2.png
42.76676540001063	1	D-3rd	1.png
88.71608569999808	1	B-2nd	12.png
118.71436790001462	1	D-2nd	4.png
160.71782279998297	1	A-1st	11.png
172.76776509999763	1	B-1st	8.png
200.71570760000031	1	B-3rd	7.png
