onset	duration	trial_type	stim_file
4.7136274999938905	1	B-2nd	12.png
54.714880300016375	1	A-1st	11.png
62.714013199991314	1	C-1st	9.png
118.71740649998537	1	C-1st	9.png
156.71606970002176	1	D-1st	10.png
174.71681079998962	1	B-2nd	12.png
220.71821050002472	1	A-2nd	6.png
