onset	duration	trial_type	stim_file
6.7158816999872215	1	B-3rd	7.png
60.71616060001543	1	D-3rd	1.png
88.75979579999694	1	A-3rd	5.png
104.71771180001087	1	D-1st	10.png
150.71482449999894	1	B-3rd	7.png
182.71800880000228	1	D-1st	10.png
206.7169581000053	1	A-1st	11.png
