onset	duration	trial_type	stim_file
84.7151681999967	1	C-3rd	2.png
252.79697309999028	1	B-2nd	12.png
336.71489329999895	1	C-2nd	3.png
