onset	duration	trial_type	stim_file
18.71570060000522	1	B-2nd	12.png
56.77921540001989	1	C-1st	9.png
88.71342320000986	1	C-2nd	3.png
124.71753440002794	1	C-2nd	3.png
138.7156070000201	1	B-3rd	7.png
194.71490719998837	1	C-2nd	3.png
200.71296480001183	1	B-2nd	12.png
