onset	duration	trial_type	stim_file
30.7130632000044	1	B-1st	2.png
50.73277990007773	1	B-2nd	6.png
92.71257219975814	1	D-2nd	10.png
104.71346879983321	1	B-1st	2.png
138.71586429979652	1	A-1st	5.png
190.71430770028383	1	D-2nd	10.png
210.7141476003453	1	A-2nd	1.png
