onset	duration	trial_type	stim_file
14.712014500051737	1	B-3rd	4.png
28.714587400201708	1	A-3rd	3.png
72.71402319986373	1	A-2nd	1.png
94.7152016996406	1	C-3rd	12.png
134.71490149991587	1	B-3rd	4.png
176.71570409974083	1	C-1st	11.png
220.71184389991686	1	D-2nd	10.png
