onset	duration	trial_type	stim_file
38.713398499879986	1	B-2nd	6.png
52.714180399663746	1	B-1st	2.png
80.7148516997695	1	B-1st	2.png
106.71338470000774	1	C-1st	11.png
150.91347429994494	1	B-2nd	6.png
178.71381240012124	1	C-2nd	8.png
216.73233779985458	1	A-3rd	3.png
