onset	duration	trial_type	stim_file
16.71427490003407	1	D-3rd	7.png
58.71453520003706	1	C-3rd	12.png
72.73909979965538	1	B-2nd	6.png
94.71442090021446	1	C-2nd	8.png
146.71269810013473	1	B-3rd	4.png
176.71304619964212	1	A-2nd	1.png
