onset	duration	trial_type	stim_file
32.71297729993239	1	B-2nd	6.png
42.713241199962795	1	D-2nd	10.png
74.71413190010935	1	C-3rd	12.png
