onset	duration	trial_type	stim_file
26.714060500264168	1	B-2nd	6.png
66.7138868002221	1	A-3rd	3.png
82.71368629997596	1	B-3rd	4.png
134.71230670018122	1	A-2nd	1.png
152.71185050019994	1	B-2nd	6.png
222.71317180013284	1	A-3rd	3.png
