onset	duration	trial_type	stim_file
26.7133745001629	1	B-2nd	6.png
54.714066999964416	1	C-3rd	12.png
120.71243359986693	1	D-3rd	7.png
142.71384519990534	1	C-3rd	12.png
180.71359820012003	1	C-3rd	12.png
202.74273019982502	1	A-3rd	3.png
