onset	duration	trial_type	stim_file
54.714328499976546	1	A-1st	5.png
70.71130240010098	1	C-2nd	8.png
126.71418520016596	1	D-2nd	10.png
144.73477039998397	1	A-1st	5.png
190.71319269994274	1	D-2nd	10.png
210.71252360008657	1	A-3rd	3.png
