onset	duration	trial_type	stim_file
24.713509699795395	1	A-1st	5.png
38.71282140025869	1	B-1st	2.png
60.71450729994103	1	C-1st	11.png
106.71308899996802	1	B-3rd	4.png
122.71485859993845	1	D-1st	9.png
180.71410109987482	1	A-1st	5.png
214.7114943000488	1	C-1st	11.png
