onset	duration	trial_type	stim_file
6.711938099935651	1	A-3rd	3.png
36.713364800438285	1	A-1st	5.png
108.71342149982229	1	C-1st	11.png
