onset	duration	trial_type	stim_file
16.71705110000039	1	C-2nd	12.png
40.71556469999996	1	C-3rd	8.png
90.71665230000144	1	B-2nd	4.png
120.71568860000116	1	C-3rd	8.png
148.71756119999918	1	C-3rd	8.png
170.73233719999917	1	B-2nd	4.png
216.71641119999913	1	D-3rd	3.png
