onset	duration	trial_type	stim_file
6.716685600000346	1	B-2nd	4.png
48.717768599999545	1	C-3rd	8.png
78.71562309999717	1	C-3rd	8.png
148.7181418	1	C-1st	9.png
166.71538359999977	1	D-2nd	11.png
210.71658769999704	1	D-3rd	3.png
