onset	duration	trial_type	stim_file
84.7176808999975	1	C-3rd	8.png
228.71858559999964	1	D-1st	5.png
336.71601360000204	1	C-1st	9.png
