onset	duration	trial_type	stim_file
10.71690899999885	1	D-1st	5.png
48.715904599997884	1	B-3rd	10.png
94.71925259999989	1	D-3rd	3.png
100.71647799999846	1	B-3rd	10.png
142.75374459999875	1	B-3rd	10.png
188.71659470000304	1	B-1st	2.png
198.71605320000162	1	A-2nd	1.png
