onset	duration	trial_type	stim_file
10.716957299999194	1	D-1st	5.png
54.71766800000114	1	C-3rd	8.png
64.71575450000091	1	A-1st	7.png
116.7170245999987	1	B-3rd	10.png
148.71599720000086	1	C-2nd	12.png
168.71469200000138	1	D-1st	5.png
210.7171363999987	1	C-2nd	12.png
