onset	duration	trial_type	stim_file
14.716234899999108	1	C-2nd	12.png
46.716797099998075	1	C-3rd	8.png
66.71608139999807	1	A-2nd	1.png
120.71622930000012	1	C-1st	9.png
140.71626939999987	1	B-1st	2.png
186.71631720000005	1	C-1st	9.png
196.71591319999789	1	B-2nd	4.png
