onset	duration	trial_type	stim_file
22.71782059999896	1	D-3rd	3.png
60.71684259999893	1	A-2nd	1.png
70.7234266000014	1	D-1st	5.png
120.71635719999904	1	C-1st	9.png
152.71659539999746	1	B-3rd	10.png
180.71655409999948	1	C-1st	9.png
222.73351739999998	1	A-3rd	6.png
