onset	duration	trial_type	stim_file
22.717038499999035	1	B-2nd	4.png
34.71622170000046	1	C-3rd	8.png
80.71788170000218	1	C-3rd	8.png
128.73271610000302	1	A-1st	7.png
156.71606809999867	1	A-1st	7.png
180.7165101999999	1	D-3rd	3.png
202.71624299999894	1	C-1st	9.png
