onset	duration	trial_type	stim_file
34.71547759999885	1	B-1st	2.png
66.71702490000098	1	D-2nd	11.png
76.71645989999888	1	C-3rd	8.png
104.71532610000213	1	A-2nd	1.png
156.71717549999812	1	B-2nd	4.png
196.7189330000001	1	B-2nd	4.png
214.71707289999904	1	A-3rd	6.png
