onset	duration	trial_type	stim_file
144.71605869999985	1	D-2nd	11.png
168.71589630000017	1	B-3rd	10.png
408.7174260000029	1	C-3rd	8.png
