onset	duration	trial_type	stim_file
8.71498589986004	1	D-3rd	10.png
34.71255589998327	1	B-3rd	4.png
62.71761490008794	1	D-2nd	3.png
120.71522870007902	1	D-3rd	10.png
132.71421290002763	1	C-1st	12.png
164.71336030005477	1	A-2nd	7.png
220.71261210017838	1	B-2nd	11.png
