onset	duration	trial_type	stim_file
22.713132199831307	1	A-1st	8.png
52.714709599968046	1	D-3rd	10.png
66.71376570011489	1	B-2nd	11.png
130.71387799992226	1	A-2nd	7.png
140.71429070015438	1	C-3rd	2.png
186.7159225998912	1	D-3rd	10.png
208.71213759994134	1	D-2nd	3.png
