onset	duration	trial_type	stim_file
22.712823200039566	1	A-1st	8.png
42.71369370003231	1	C-1st	12.png
74.71312469989061	1	A-2nd	7.png
106.71632390003651	1	B-3rd	4.png
146.71351599995978	1	B-2nd	11.png
168.71353489998728	1	C-2nd	9.png
200.71727999998257	1	D-1st	1.png
