onset	duration	trial_type	stim_file
4.715283900033683	1	A-3rd	5.png
34.7119036000222	1	D-3rd	10.png
94.71375699993223	1	D-2nd	3.png
132.714800799964	1	A-1st	8.png
146.71500189998187	1	D-2nd	3.png
190.7126042000018	1	A-1st	8.png
220.71323830005713	1	D-2nd	3.png
