onset	duration	trial_type	stim_file
4.713782100006938	1	B-3rd	4.png
64.71320719993673	1	D-3rd	10.png
80.71360159991309	1	D-2nd	3.png
130.71364649990574	1	A-1st	8.png
152.7124855001457	1	C-3rd	2.png
164.71395329991356	1	B-2nd	11.png
192.7134473999031	1	B-3rd	4.png
