onset	duration	trial_type	stim_file
10.728893399937078	1	D-2nd	3.png
36.71291520004161	1	A-3rd	5.png
82.71612960007042	1	C-3rd	2.png
92.71365169994533	1	B-3rd	4.png
148.7165242000483	1	C-1st	12.png
166.71499959984794	1	B-1st	6.png
218.71434970013797	1	C-1st	12.png
