onset	duration	trial_type	stim_file
24.715352699859068	1	B-2nd	11.png
58.713242300087586	1	B-3rd	4.png
110.71321640000679	1	B-3rd	4.png
