onset	duration	trial_type	stim_file
28.71193980006501	1	C-2nd	9.png
36.73099010018632	1	B-1st	6.png
64.71369339991361	1	A-2nd	7.png
120.71428860002197	1	B-2nd	11.png
132.71463589998893	1	C-1st	12.png
172.7138517999556	1	D-1st	1.png
192.71254939981736	1	A-3rd	5.png
