onset	duration	trial_type	stim_file
12.716176599962637	1	D-2nd	3.png
46.71361860004254	1	A-3rd	5.png
72.71455550007522	1	A-2nd	7.png
98.71446539997123	1	D-3rd	10.png
150.71389689994976	1	C-1st	12.png
162.7146187000908	1	B-2nd	11.png
198.7292834999971	1	B-1st	6.png
