onset	duration	trial_type	stim_file
20.713555400026962	1	A-3rd	5.png
74.7146854000166	1	A-3rd	5.png
102.71411109995097	1	D-2nd	3.png
