onset	duration	trial_type	stim_file
16.7129662996158	1	B-2nd	4.png
34.711891800165176	1	C-3rd	7.png
74.71266240021214	1	C-3rd	7.png
126.7138017998077	1	A-2nd	11.png
138.71364640025422	1	B-1st	5.png
166.7126946002245	1	B-2nd	4.png
202.71466050017625	1	B-3rd	2.png
