onset	duration	trial_type	stim_file
4.7133999997749925	1	B-2nd	4.png
60.71400629961863	1	B-1st	5.png
92.7131893998012	1	C-3rd	7.png
100.71429460030049	1	B-3rd	2.png
182.7326392000541	1	B-3rd	2.png
202.71367229986936	1	D-3rd	10.png
