onset	duration	trial_type	stim_file
16.713454599957913	1	B-2nd	4.png
50.71395689994097	1	B-1st	5.png
64.71346319979057	1	D-1st	6.png
110.71335719991475	1	A-3rd	12.png
148.71444910019636	1	A-2nd	11.png
182.71436459990218	1	A-2nd	11.png
208.73303350014612	1	D-3rd	10.png
