onset	duration	trial_type	stim_file
10.713601400144398	1	C-1st	8.png
56.71379220020026	1	D-1st	6.png
80.71166970022023	1	D-2nd	9.png
114.73521499987692	1	D-2nd	9.png
136.71357830008492	1	C-3rd	7.png
186.71243719989434	1	D-3rd	10.png
