onset	duration	trial_type	stim_file
132.71338240010664	1	A-1st	1.png
240.71406899997965	1	B-1st	5.png
336.75093590002507	1	A-2nd	11.png
