onset	duration	trial_type	stim_file
6.71338630001992	1	C-3rd	7.png
54.71185870002955	1	A-1st	1.png
96.71384539967403	1	C-1st	8.png
116.71355740027502	1	D-2nd	9.png
142.72945919958875	1	C-1st	8.png
174.7142420001328	1	D-3rd	10.png
