onset	duration	trial_type	stim_file
86.71408519987017	1	D-1st	6.png
194.713618400041	1	B-3rd	2.png
422.7132271998562	1	B-2nd	4.png
