onset	duration	trial_type	stim_file
22.713352899998426	1	C-2nd	3.png
40.71313019981608	1	C-2nd	3.png
68.71397740021348	1	D-2nd	9.png
132.73152829986066	1	B-3rd	2.png
144.7148004998453	1	C-1st	8.png
186.73293059971184	1	B-3rd	2.png
218.71371149970219	1	D-1st	6.png
