onset	duration	trial_type	stim_file
24.72963779978454	1	D-1st	6.png
58.713419099804014	1	C-3rd	7.png
84.71404600003734	1	B-1st	5.png
116.71369430003688	1	D-1st	6.png
134.71379709988832	1	C-1st	8.png
166.71361669991165	1	C-3rd	7.png
