onset	duration	trial_type	stim_file
4.713266899809241	1	A-3rd	12.png
44.711538299918175	1	B-3rd	2.png
98.71316809998825	1	A-3rd	12.png
130.71269369963557	1	D-2nd	9.png
164.71380669996142	1	A-1st	1.png
184.71371280029416	1	C-2nd	3.png
200.7136087003164	1	D-1st	6.png
